Date,Category,Net worth,Assets,Real estate,Consumer durables,Corporate equities and mutual fund shares,DB pension entitlements,DC pension entitlements,Unincorporated businesses,Other assets,Liabilities,Home mortgages,Consumer credit,Other liabilities
1989:Q3,pct99to100,3397946,3549714,535482,265880,751191,106980,106393,840175,943613,151768,99228,27117,25423
1989:Q3,pct80to99,8967262,10452052,3036663,700183,926531,1556892,613874,1424002,2193907,1484790,1149679,250302,84809
1989:Q3,pct60to80,3378296,4217051,1408279,431257,227156,847327,150341,281268,871424,838755,565700,244684,28371
1989:Q3,pct40to60,2547697,2972791,999838,250995,120511,628717,79559,247878,645293,425094,258913,159522,6659
1989:Q3,pct20to40,1559571,1748750,669590,172218,41505,238036,55754,128551,443096,189179,113386,69864,5929
1989:Q3,pct00to20,589218,652405,243317,75647,23550,104377,8103,47747,149665,63188,24249,32719,6220
1989:Q4,pct99to100,3474233,3634745,548541,269872,762027,113680,112696,858635,969295,160512,105163,27248,28101
1989:Q4,pct80to99,9129692,10639321,3084009,706426,958898,1590640,637220,1422259,2239869,1509629,1170413,257038,82178
1989:Q4,pct60to80,3448087,4304003,1427403,435954,233610,872730,162772,289615,881919,855916,577288,250780,27848
1989:Q4,pct40to60,2578732,3015306,1007769,255333,126933,632243,81061,251681,660285,436574,265095,164158,7321
1989:Q4,pct20to40,1574413,1772684,668480,177994,45894,250627,54613,125365,449710,198271,115837,76305,6129
1989:Q4,pct00to20,612825,679468,258116,80004,24742,107147,7874,49271,152315,66643,26784,33756,6103
1990:Q1,pct99to100,3446086,3615289,555907,265234,697595,119713,115435,874375,987031,169203,113558,24920,30725
1990:Q1,pct80to99,9113492,10648403,3066426,723360,911032,1616857,643510,1416904,2270315,1534911,1200355,250414,84142
1990:Q1,pct60to80,3485504,4349600,1432347,445085,225058,894313,168394,297533,886871,864096,594639,242035,27422
1990:Q1,pct40to60,2596348,3042651,1009419,267288,127518,634363,79781,254799,669484,446303,276182,161789,8332
1990:Q1,pct20to40,1599053,1801279,677998,182953,48043,263019,52527,122038,454702,202227,119706,76244,6277
1990:Q1,pct00to20,627508,701155,270889,83064,24265,109678,7696,50747,154816,73647,30960,36918,5769
1990:Q2,pct99to100,3502397,3680972,564225,268812,712183,126040,119413,894140,996158,178575,121487,24196,32892
1990:Q2,pct80to99,9232410,10790055,3109139,727984,948711,1646129,661103,1415218,2281771,1557645,1224122,251036,82487
1990:Q2,pct60to80,3545306,4420805,1444700,448821,232539,917521,178998,306333,891893,875500,607181,241522,26797
1990:Q2,pct40to60,2610906,3068466,1005977,271121,134591,637037,80747,258860,680132,457560,285155,163488,8917
1990:Q2,pct20to40,1612134,1821630,678619,188481,52811,275563,50863,118652,456641,209497,123089,80039,6369
1990:Q2,pct00to20,646937,725772,282500,87168,25603,112317,7542,52347,158295,78835,34884,38432,5519
1990:Q3,pct99to100,3397256,3583510,578819,260738,554751,131893,120078,915364,1021867,186253,127995,23720,34538
1990:Q3,pct80to99,9133861,10707234,3110159,740247,799372,1669924,652709,1414402,2320422,1573373,1245157,254024,74192
1990:Q3,pct60to80,3568162,4456177,1462602,454523,204862,937978,178409,315513,902290,888016,618570,243510,25936
1990:Q3,pct40to60,2630412,3097752,1016160,281723,127291,638671,76595,263243,694069,467340,291950,166283,9107
1990:Q3,pct20to40,1632851,1849963,695387,191128,51761,287988,47924,115168,460607,217112,125778,84844,6490
1990:Q3,pct00to20,665848,749108,299600,87795,22957,114785,7351,54005,162616,83260,37816,39920,5524
1990:Q4,pct99to100,3533214,3726270,585038,256114,624563,137956,127189,930714,1064696,193056,132791,22892,37373
1990:Q4,pct80to99,9286802,10883445,3072628,749486,899249,1695823,678503,1406603,2381153,1596643,1263936,256720,75987
1990:Q4,pct60to80,3641323,4541322,1460693,459244,224252,959573,192274,323674,921612,899999,629523,244981,25495
1990:Q4,pct40to60,2672048,3147021,1019056,290085,139660,640682,78270,266184,713083,474973,296369,168636,9968
1990:Q4,pct20to40,1651538,1874940,697687,194653,58812,300537,46356,111516,465379,223402,127665,89145,6592
1990:Q4,pct00to20,687563,774292,311293,89460,25677,117332,7040,55540,167950,86730,39528,42017,5185
1991:Q1,pct99to100,3666060,3864238,588682,257531,737522,144017,136311,935112,1065063,198178,137762,20211,40205
1991:Q1,pct80to99,9495207,11100678,3068152,756398,1046020,1721481,710355,1386456,2411816,1605471,1281280,248572,75619
1991:Q1,pct60to80,3714949,4613759,1460849,463971,251826,981106,208751,329877,917379,898810,639181,234553,25076
1991:Q1,pct40to60,2701385,3178209,1015132,295952,155276,642630,80667,266470,722082,476824,300552,165280,10992
1991:Q1,pct20to40,1670234,1894682,694095,200349,67386,313134,44844,107666,467208,224448,129539,88025,6884
1991:Q1,pct00to20,700964,792912,320493,93584,29383,119879,6616,56833,166124,91948,41376,45568,5004
1991:Q2,pct99to100,3651344,3857842,598488,254047,714011,150286,141183,945439,1054388,206498,145532,19004,41962
1991:Q2,pct80to99,9502494,11128165,3080035,761717,1045234,1749235,724113,1371975,2395857,1625671,1305472,246912,73287
1991:Q2,pct60to80,3754710,4662683,1470172,466714,252158,1003768,217827,337346,914699,907973,652190,231487,24296
1991:Q2,pct40to60,2714569,3201053,1017827,302317,159979,644959,80232,268157,727582,486484,309412,165710,11362
1991:Q2,pct20to40,1683568,1913857,701511,203757,71458,325852,42474,103768,465037,230288,132882,90626,6780
1991:Q2,pct00to20,719000,816413,334779,95146,29977,122503,6312,58301,169395,97413,45163,47567,4683
1991:Q3,pct99to100,3716432,3931830,610752,244318,760754,156508,148848,951492,1059157,215398,152441,18470,44487
1991:Q3,pct80to99,9610380,11249679,3077327,772893,1121090,1776256,750001,1352273,2399839,1639299,1313191,245366,80742
1991:Q3,pct60to80,3835965,4740864,1484685,471561,266370,1026115,232174,344158,915800,904899,652084,228936,23879
1991:Q3,pct40to60,2749037,3241494,1025446,313253,170325,647135,81714,268796,734825,492457,313115,166994,12348
1991:Q3,pct20to40,1710297,1946458,720376,206122,78015,338604,40440,99737,463164,236161,135093,94395,6673
1991:Q3,pct00to20,742266,843185,351803,95328,32198,125112,5899,59698,173146,100918,48580,48339,3999
1991:Q4,pct99to100,3903349,4129239,622220,240081,921683,162805,157636,951491,1073323,225890,160345,18227,47318
1991:Q4,pct80to99,9849227,11520120,3084188,777592,1319365,1803897,781504,1325469,2428105,1670893,1333711,247826,89356
1991:Q4,pct60to80,3926274,4842175,1497832,473850,302161,1048835,249127,350014,920356,915900,661794,230528,23578
1991:Q4,pct40to60,2783296,3287975,1032903,319775,188960,649415,84160,267965,744797,504679,321168,169997,13514
1991:Q4,pct20to40,1726942,1971650,727228,209453,88241,351431,38495,95565,461236,244708,138335,99695,6678
1991:Q4,pct00to20,764753,869912,366214,96695,36954,127750,5435,60989,175874,105159,52527,49308,3324
1992:Q1,pct99to100,3848284,4084346,631115,239957,880187,170506,160882,955820,1045880,236062,169616,16643,49803
1992:Q1,pct80to99,9839827,11509146,3107529,779349,1301644,1847272,784628,1302540,2386184,1669319,1346645,238564,84110
1992:Q1,pct60to80,3976381,4882782,1510462,475361,299457,1079630,253844,356854,907174,906400,663794,219642,22964
1992:Q1,pct40to60,2789253,3299899,1036189,324002,192922,654697,81649,268151,742289,510646,328777,167643,14226
1992:Q1,pct20to40,1732507,1981539,729109,214049,92220,364760,35309,91319,454773,249031,141817,100235,6979
1992:Q1,pct00to20,781897,893466,380142,99486,37256,130910,5115,62422,178135,111570,57627,50626,3317
1992:Q2,pct99to100,3810644,4056801,638373,237916,863821,165397,166253,963658,1021383,246158,177559,16065,52534
1992:Q2,pct80to99,9901566,11583674,3123197,784700,1311330,1909239,800386,1282565,2372257,1682108,1357520,235991,88597
1992:Q2,pct60to80,4015526,4919292,1520739,478610,301612,1092772,264230,364517,896813,903766,665222,215979,22565
1992:Q2,pct40to60,2813252,3331771,1036854,330632,198843,667235,81426,269151,747630,518518,334489,168791,15238
1992:Q2,pct20to40,1745529,2001481,734711,218912,97100,381148,32527,86981,450102,255953,144662,104198,7093
1992:Q2,pct00to20,804112,920052,394180,102450,38137,138742,4744,63974,177825,115940,61791,51308,2841
1992:Q3,pct99to100,3853764,4108634,652654,224217,899500,160079,173815,978498,1019872,254870,184618,15356,54896
1992:Q3,pct80to99,10034369,11738539,3117238,797410,1377032,1970977,825545,1269194,2381144,1704170,1379622,237484,87064
1992:Q3,pct60to80,4085781,5000887,1548984,483640,313592,1105437,278809,373615,896811,915107,676867,216311,21929
1992:Q3,pct40to60,2875925,3404860,1059616,343879,208568,679644,82721,271795,758636,528935,342032,171038,15865
1992:Q3,pct20to40,1787447,2050972,769775,220785,103702,397693,29978,82558,446480,263525,147652,108781,7092
1992:Q3,pct00to20,834603,955222,415721,101793,40183,146650,4274,65721,180880,120618,65088,52962,2568
1992:Q4,pct99to100,4049865,4306870,669336,226908,1048867,159078,178052,968240,1056388,257004,186210,15329,55465
1992:Q4,pct80to99,10283048,12008509,3146136,804611,1538394,2029473,850853,1265091,2373951,1725461,1392591,247257,85613
1992:Q4,pct60to80,4161783,5098470,1569276,491132,349341,1127830,287395,372153,901342,936687,692475,221568,22644
1992:Q4,pct40to60,2908735,3448611,1072371,346041,219751,700245,92059,264632,753512,539877,349023,175141,15713
1992:Q4,pct20to40,1813277,2086573,773018,222101,112228,405638,33851,86586,453152,273297,153690,110967,8640
1992:Q4,pct00to20,856741,980991,422065,102675,43764,149955,6338,73575,182618,124250,66914,54507,2829
1993:Q1,pct99to100,4153748,4409733,666572,246635,1097414,156029,184970,977361,1080753,255985,186332,13327,56326
1993:Q1,pct80to99,10428283,12156344,3186716,795901,1593000,2065622,884993,1281582,2348530,1728061,1392397,244184,91480
1993:Q1,pct60to80,4213745,5148637,1578075,493006,366503,1138723,299585,374088,898657,934892,698432,212857,23603
1993:Q1,pct40to60,2906457,3446215,1065617,336269,224067,716633,102447,261903,739278,539758,351159,172708,15891
1993:Q1,pct20to40,1822237,2097619,755626,226953,117777,413044,37901,90816,455502,275382,158496,106750,10136
1993:Q1,pct00to20,869246,997355,417499,107850,45173,152562,8227,82121,183923,128108,67889,57437,2782
1993:Q2,pct99to100,4214757,4472028,678187,247391,1117641,152952,188432,985262,1102162,257271,188030,12497,56744
1993:Q2,pct80to99,10525556,12274887,3216806,807729,1617758,2102002,902894,1296936,2330762,1749331,1409286,250607,89438
1993:Q2,pct60to80,4258733,5214581,1607227,502621,378472,1149677,304675,375752,896157,955847,717279,214315,24253
1993:Q2,pct40to60,2927760,3477288,1077472,341212,226507,733132,109955,258699,730311,549527,359235,174707,15585
1993:Q2,pct20to40,1858304,2141289,773754,228561,122506,420495,41246,95161,459565,282985,164793,106653,11539
1993:Q2,pct00to20,888958,1021578,426640,108932,45979,155185,10195,90917,183730,132621,69722,59884,3015
1993:Q3,pct99to100,4324040,4582063,690284,246094,1184964,149946,192645,998243,1119887,258023,188424,12101,57498
1993:Q3,pct80to99,10675649,12460387,3245365,821021,1692245,2139704,926167,1317736,2318149,1784738,1425748,261248,97742
1993:Q3,pct60to80,4313420,5296144,1638201,512542,399189,1161252,312124,378217,894619,982724,737256,220262,25206
1993:Q3,pct40to60,2957513,3517659,1087778,347403,232107,749949,118391,256520,725511,560145,365878,178565,15702
1993:Q3,pct20to40,1902674,2194305,797449,229659,128653,428020,44746,99624,466154,291631,170611,108208,12812
1993:Q3,pct00to20,911897,1047586,436943,109349,47797,157858,12128,100076,183436,135689,70615,62284,2790
1993:Q4,pct99to100,4453508,4714092,700135,251693,1252107,146647,195441,1007485,1160584,260584,189389,13080,58115
1993:Q4,pct80to99,10839683,12657878,3281690,831855,1766536,2174738,938479,1334772,2329808,1818195,1437406,277723,103066
1993:Q4,pct60to80,4369157,5380245,1668844,522453,419920,1171393,314657,379974,903005,1011087,752540,232491,26056
1993:Q4,pct40to60,2982865,3556505,1100707,350725,237696,766330,124566,253256,723226,573640,371907,186077,15656
1993:Q4,pct20to40,1935289,2239503,810885,233100,134818,435521,47703,104205,473271,304214,176423,113699,14092
1993:Q4,pct00to20,938727,1076519,444481,112423,49611,160457,14020,109451,186076,137792,72012,63098,2682
1994:Q1,pct99to100,4464845,4723983,700708,264738,1177630,143410,196700,1024175,1216621,259137,188810,11406,58921
1994:Q1,pct80to99,10881930,12709864,3339708,832369,1691521,2211017,942978,1359666,2332605,1827934,1445361,279926,102647
1994:Q1,pct60to80,4402373,5425177,1690214,527962,414356,1182111,313829,382898,913806,1022803,766459,229353,26991
1994:Q1,pct40to60,2982442,3559320,1095363,347182,233875,783018,129305,251586,718991,576878,375446,185690,15742
1994:Q1,pct20to40,1957149,2265500,809117,237322,136722,443097,50286,108878,480077,308351,181521,111099,15731
1994:Q1,pct00to20,960057,1101783,447259,116583,48396,163104,15913,119202,191326,141726,72356,66402,2968
1994:Q2,pct99to100,4500824,4763111,708687,269952,1134626,139995,200722,1045083,1264045,262287,190506,11978,59803
1994:Q2,pct80to99,10928002,12782708,3383980,842469,1649481,2245930,957784,1389013,2314052,1854706,1458162,293628,102916
1994:Q2,pct60to80,4439976,5488397,1718912,537225,414483,1192056,317266,386419,922036,1048422,781950,238459,28013
1994:Q2,pct40to60,2989973,3580238,1099428,350280,232078,799523,135463,250745,712721,590265,382521,191817,15927
1994:Q2,pct20to40,1986480,2306803,823447,240454,139497,450687,53197,113630,485891,320323,187705,115250,17368
1994:Q2,pct00to20,988214,1133180,456009,119233,47842,165718,17679,129254,197444,144966,74271,67448,3247
1994:Q3,pct99to100,4588097,4853309,716384,269304,1158013,136735,206623,1058586,1307664,265212,191982,12836,60394
1994:Q3,pct80to99,11042624,12924345,3394481,858298,1677757,2283102,984627,1410820,2315260,1881721,1471723,309584,100414
1994:Q3,pct60to80,4496529,5573616,1752681,548437,427107,1203098,325922,388628,927743,1077087,798375,249892,28820
1994:Q3,pct40to60,3021477,3625786,1114769,357647,234808,816530,143809,247932,710291,604310,389573,198955,15782
1994:Q3,pct20to40,2029279,2362432,848692,242441,144356,458378,56585,118524,493456,333153,193877,120374,18902
1994:Q3,pct00to20,1015635,1163530,466634,120387,48726,168413,19427,139493,200449,147895,76016,68313,3566
1994:Q4,pct99to100,4661874,4932064,722362,272159,1130286,133079,205701,1071607,1396870,270190,193803,14913,61474
1994:Q4,pct80to99,11063940,12989523,3398239,867874,1651807,2316585,974978,1432263,2347777,1925583,1484314,331862,109407
1994:Q4,pct60to80,4528041,5639644,1778332,556766,430000,1212158,318942,390673,952772,1111604,813511,267983,30110
1994:Q4,pct40to60,3039931,3662393,1129432,361100,234025,832924,145649,244806,714457,622462,396690,209471,16301
1994:Q4,pct20to40,2055610,2405095,860750,244486,147557,466034,58412,123537,504320,349485,200109,129096,20280
1994:Q4,pct00to20,1046946,1196240,472682,121750,48495,171003,21230,150010,211070,149295,78016,67843,3436
1995:Q1,pct99to100,4798991,5068352,724077,277611,1219197,130162,214042,1079523,1423740,269361,193543,13640,62178
1995:Q1,pct80to99,11280401,13210346,3405468,879131,1749726,2358569,1014484,1448634,2354333,1929945,1489877,335828,104240
1995:Q1,pct60to80,4601885,5724475,1800918,566550,455193,1225544,332930,391820,951519,1122589,825110,266456,31023
1995:Q1,pct40to60,3077658,3704138,1138266,364763,241309,850987,156085,240233,712496,626480,399967,210254,16259
1995:Q1,pct20to40,2093534,2448468,868568,247993,154594,473940,62273,128723,512378,354935,205295,127696,21944
1995:Q1,pct00to20,1066912,1220178,477906,124648,50815,173867,22930,160805,209207,153266,78642,70673,3951
1995:Q2,pct99to100,4969785,5240641,735438,272427,1315472,133913,222289,1089025,1472076,270856,193646,14010,63200
1995:Q2,pct80to99,11452723,13412903,3389097,893091,1855314,2383987,1059212,1466801,2365401,1960180,1504349,351274,104557
1995:Q2,pct60to80,4702724,5856431,1834830,575552,481803,1266651,349309,393146,955140,1153707,844211,277226,32270
1995:Q2,pct40to60,3120455,3759671,1160102,372365,249051,863036,167821,235832,711464,639216,405993,216555,16668
1995:Q2,pct20to40,2141472,2507933,898248,247693,161878,478289,66372,134032,521421,366461,211219,131692,23550
1995:Q2,pct00to20,1094091,1250178,490594,123204,53289,176167,24704,171923,210298,156087,79419,72370,4298
1995:Q3,pct99to100,5145230,5419960,726025,271056,1439994,137411,232812,1105961,1506701,274730,195287,15080,64363
1995:Q3,pct80to99,11546063,13549977,3282657,903072,1990559,2406849,1110395,1492669,2363776,2003914,1519986,369137,114791
1995:Q3,pct60to80,4766849,5953338,1829000,583060,513761,1306396,368162,395560,957398,1186489,862347,290416,33726
1995:Q3,pct40to60,3154045,3809579,1177688,377088,258632,874660,180281,233051,708179,655534,413773,224410,17351
1995:Q3,pct20to40,2163166,2543200,903905,248096,170064,482634,70720,139367,528414,380034,217681,137534,24819
1995:Q3,pct00to20,1113950,1272379,493862,122652,56367,178397,26404,183324,211373,158429,81262,73023,4144
1995:Q4,pct99to100,5323609,5604869,743643,270064,1567615,144179,237573,1116374,1525422,281260,195699,17304,68257
1995:Q4,pct80to99,11893319,13925050,3326512,914833,2148935,2426234,1151448,1526703,2430385,2031731,1535001,384720,112010
1995:Q4,pct60to80,4862793,6084738,1841363,586477,542973,1347658,394029,396290,975948,1221946,873754,311927,36265
1995:Q4,pct40to60,3182808,3854494,1185264,382183,269488,877469,186436,236322,717332,671686,417750,235921,18015
1995:Q4,pct20to40,2189554,2577472,903042,251420,178021,490164,71247,143775,539804,387918,218610,145148,24160
1995:Q4,pct00to20,1118068,1275985,489424,124329,58722,180656,25837,177067,219950,157917,79694,73139,5084
1996:Q1,pct99to100,5412476,5696218,754132,271635,1626641,150712,241714,1119961,1531423,283742,197615,15730,70397
1996:Q1,pct80to99,12148764,14219076,3383586,928270,2235089,2442602,1191316,1553848,2484364,2070312,1561695,379829,128788
1996:Q1,pct60to80,4958935,6200845,1863810,591371,559415,1387633,419628,395962,983027,1241910,893530,311391,36989
1996:Q1,pct40to60,3205804,3885006,1189476,387478,275927,879699,192435,237902,722090,679202,426243,236614,16345
1996:Q1,pct20to40,2232821,2616811,908691,256176,183882,497677,71587,148294,550504,383990,220744,141460,21786
1996:Q1,pct00to20,1120601,1280739,490967,127513,59638,182832,25218,170856,223715,160138,79031,77183,3924
1996:Q2,pct99to100,5507313,5799412,768148,266177,1695069,157242,242745,1128273,1541758,292100,200935,16809,74356
1996:Q2,pct80to99,12354008,14457152,3425675,940179,2331244,2458428,1217029,1585776,2498821,2103144,1585235,387631,130278
1996:Q2,pct60to80,5046076,6318413,1888185,593874,577771,1427601,439316,396402,995264,1272337,908497,324249,39591
1996:Q2,pct40to60,3223677,3920054,1199189,393722,283102,881812,196001,240645,725583,696377,435101,244363,16913
1996:Q2,pct20to40,2271868,2661244,924086,257694,190095,505231,71227,152754,560157,389377,223049,145407,20921
1996:Q2,pct00to20,1130190,1292278,495526,127169,60784,185002,24605,164660,234531,162087,79391,78119,4577
1996:Q3,pct99to100,5539816,5839969,785461,263359,1686507,163715,245029,1134975,1560923,300153,204605,17828,77720
1996:Q3,pct80to99,12485950,14621350,3469275,954159,2345457,2473128,1249013,1616106,2514212,2135401,1610288,395095,130018
1996:Q3,pct60to80,5114021,6416552,1908425,598102,581425,1467272,461790,396603,1002935,1302531,924275,336684,41572
1996:Q3,pct40to60,3241535,3954767,1215019,400342,285081,883693,200561,242988,727082,713232,444638,251944,16650
1996:Q3,pct20to40,2302421,2696976,931761,260763,193747,512812,70996,157247,569649,394555,225571,149182,19802
1996:Q3,pct00to20,1136228,1300357,498151,128450,60288,187149,23902,158485,243932,164129,79985,79114,5030
1996:Q4,pct99to100,5721145,6027410,794031,268009,1774441,169312,262733,1158785,1600099,306265,207021,19279,79965
1996:Q4,pct80to99,12797249,14969999,3516240,961195,2462464,2477729,1337579,1663600,2551193,2172751,1632652,406111,133988
1996:Q4,pct60to80,5222782,6557291,1926523,599928,603737,1502120,507939,399600,1017443,1334509,939339,352870,42300
1996:Q4,pct40to60,3275681,4004289,1233675,401700,293765,883652,213335,249534,728628,728608,452300,261188,15120
1996:Q4,pct20to40,2320227,2720205,922657,265403,200695,520214,72663,161493,577080,399977,227585,154497,17895
1996:Q4,pct00to20,1144169,1308526,495980,131694,61900,188994,22449,152402,255107,164357,79736,79934,4687
1997:Q1,pct99to100,5738442,6049611,805180,269254,1783107,175959,259641,1188903,1567567,311169,209394,17544,84231
1997:Q1,pct80to99,12912404,15099340,3554185,973302,2494718,2493241,1348988,1717418,2517488,2186936,1648557,396734,141645
1997:Q1,pct60to80,5286565,6627533,1944923,603910,610750,1542778,521915,403693,999564,1340968,948642,346979,45347
1997:Q1,pct40to60,3288748,4022834,1243322,406391,296994,885636,214640,257618,718233,734086,458141,260018,15927
1997:Q1,pct20to40,2346839,2742615,921458,269754,204914,527917,71405,165668,581499,395776,229158,149661,16957
1997:Q1,pct00to20,1137603,1305510,494520,134432,61811,191188,21818,146435,255306,167907,79557,83239,5111
1997:Q2,pct99to100,6121781,6440083,821161,263171,2114150,183432,278133,1209038,1570998,318302,212416,18002,87884
1997:Q2,pct80to99,13519639,15744413,3595321,983130,2872207,2517346,1477208,1761237,2537964,2224774,1671405,401343,152026
1997:Q2,pct60to80,5487400,6854443,1978702,604973,680358,1588021,587893,406201,1008296,1367043,963213,356094,47736
1997:Q2,pct40to60,3358531,4106969,1261478,411720,322689,889213,236835,263243,721791,748438,466414,265976,16048
1997:Q2,pct20to40,2400073,2798893,938056,270600,220400,535856,74645,170001,589336,398820,231396,151817,15607
1997:Q2,pct00to20,1150758,1320404,500451,133372,68703,193657,20532,140471,263218,169647,79744,84806,5097
1997:Q3,pct99to100,6370534,6695850,837344,258033,2303786,190634,292149,1234044,1579859,325316,217688,18551,89077
1997:Q3,pct80to99,13957931,16235109,3631550,997522,3098486,2538000,1580305,1809962,2579284,2277178,1707931,407319,161928
1997:Q3,pct60to80,5642627,7043241,2008518,608849,722551,1631783,642987,409564,1018989,1400614,986799,366571,47244
1997:Q3,pct40to60,3417703,4184262,1281015,419078,338550,892111,254423,270057,729028,766559,480322,272475,13762
1997:Q3,pct20to40,2445926,2848483,949615,272834,230973,543759,76761,174284,600257,402556,235213,154424,12919
1997:Q3,pct00to20,1160262,1332054,505277,133679,72531,196028,19255,134603,270681,171793,81327,86465,4001
1997:Q4,pct99to100,6516964,6852683,848329,265024,2347369,196953,287364,1280033,1627611,335719,221539,20237,93943
1997:Q4,pct80to99,14194062,16501973,3700045,1004956,3169331,2548376,1580417,1879779,2619070,2307911,1723949,416046,167916
1997:Q4,pct60to80,5734753,7160081,2037814,611303,736895,1670688,652156,416522,1034704,1425328,993997,380368,50963
1997:Q4,pct40to60,3442619,4226203,1298076,420027,344580,893035,253334,281995,735156,783584,487383,281397,14804
1997:Q4,pct20to40,2461578,2870870,940683,278572,236695,551474,74705,178325,610416,409292,237256,159791,12245
1997:Q4,pct00to20,1171461,1344694,505343,138080,73254,198093,18458,129041,282425,173234,82235,86326,4673
1998:Q1,pct99to100,6961754,7304258,865444,261723,2736527,205912,307094,1290341,1637216,342504,226343,18706,97455
1998:Q1,pct80to99,14951098,17281400,3767771,1017633,3608447,2587638,1716088,1913822,2670000,2330302,1747489,406546,176267
1998:Q1,pct60to80,5986091,7419966,2081063,614542,817176,1724205,722337,417502,1043140,1433875,1006523,374133,53219
1998:Q1,pct40to60,3527262,4319479,1321227,426069,373875,899390,276813,285209,736895,792217,497273,280250,14694
1998:Q1,pct20to40,2519992,2926263,952575,281213,253930,559854,77918,182823,617950,406271,240100,155322,10849
1998:Q1,pct00to20,1183465,1360959,511589,138880,81312,201052,16872,123109,288145,177494,83717,89086,4691
1998:Q2,pct99to100,7102769,7453874,889800,260796,2788846,217114,303514,1319628,1674176,351106,230736,20002,100368
1998:Q2,pct80to99,15292428,17675974,3877519,1030786,3689470,2651595,1736237,1966970,2723397,2383546,1781785,417650,184111
1998:Q2,pct60to80,6095395,7569156,2134141,618558,833517,1754263,741593,421743,1065341,1473762,1029184,390040,54538
1998:Q2,pct40to60,3568540,4381497,1345815,431765,380696,903299,280099,293058,746765,812957,509703,289378,13876
1998:Q2,pct20to40,2555894,2968884,967780,284942,260114,563550,76594,187109,628794,412989,243569,160411,9009
1998:Q2,pct00to20,1202001,1381384,522990,140860,82248,200426,16077,117458,301325,179383,84725,90263,4395
1998:Q3,pct99to100,6794097,7154065,918274,246147,2395942,227018,275587,1333682,1757415,359968,235529,20860,103579
1998:Q3,pct80to99,14955677,17376678,3918929,1054608,3293583,2701399,1624934,2004878,2778347,2421000,1815033,425262,180705
1998:Q3,pct60to80,6069150,7578258,2197330,625798,764165,1777349,701531,423409,1088676,1509108,1050290,402178,56640
1998:Q3,pct40to60,3575454,4407881,1391596,446095,357114,904586,259459,297194,751837,832428,522160,296825,13443
1998:Q3,pct20to40,2583193,3002156,999591,285310,250981,566974,69956,191581,637763,418963,247099,163965,7899
1998:Q3,pct00to20,1218390,1401061,543537,138771,73726,199386,16078,111616,317947,182671,86045,91628,4998
1998:Q4,pct99to100,7389789,7760410,950661,265308,2876447,226917,317253,1342336,1781488,370620,241339,24616,104665
1998:Q4,pct80to99,16019628,18507466,4056091,1060114,3899904,2792779,1823235,2035743,2839600,2487838,1865798,436742,185298
1998:Q4,pct60to80,6300572,7834645,2227630,630138,876260,1788235,784020,420181,1108181,1534074,1067768,411571,54735
1998:Q4,pct40to60,3676203,4528331,1412577,441355,403473,924846,293603,287302,765174,852128,534078,303564,14486
1998:Q4,pct20to40,2607513,3039382,1005780,293598,265519,569270,78740,191960,634514,431869,251659,171157,9053
1998:Q4,pct00to20,1218423,1405579,540069,143250,89971,199186,14102,107464,311537,187156,87948,93621,5587
1999:Q1,pct99to100,7337240,7715483,972931,269885,2836961,225503,329849,1321797,1758557,378243,246058,26307,105878
1999:Q1,pct80to99,16262793,18800039,4125840,1072534,3945148,2869910,1871081,2036773,2878754,2537246,1911420,435924,189902
1999:Q1,pct60to80,6375370,7916252,2272240,635349,887491,1791842,798675,411948,1118707,1540881,1081886,407335,51660
1999:Q1,pct40to60,3724674,4586411,1446105,443607,413766,942369,300740,270491,769334,861737,543600,303550,14587
1999:Q1,pct20to40,2625069,3062070,1029854,297367,262398,571217,81543,192597,627095,437002,255522,171889,9591
1999:Q1,pct00to20,1203056,1395350,542367,142528,94872,198520,13239,102894,300929,192294,89150,97393,5751
1999:Q2,pct99to100,7607166,7995529,1000152,283522,3067018,224556,348865,1359366,1712050,388363,251580,29402,107381
1999:Q2,pct80to99,16855861,19479177,4271355,1084689,4281508,2952713,1957845,2096125,2834942,2623316,1964419,443983,214914
1999:Q2,pct60to80,6512884,8076309,2323630,642412,951506,1798137,830574,414066,1115984,1563424,1101098,412737,49589
1999:Q2,pct40to60,3784181,4663846,1469026,443556,443039,961002,314973,268210,764041,879666,555723,308158,15785
1999:Q2,pct20to40,2643267,3090343,1051294,304798,268992,573311,85863,192769,613316,447077,260081,177028,9968
1999:Q2,pct00to20,1204831,1401049,548027,145867,105588,198024,12287,99464,291792,196218,90790,100273,5155
1999:Q3,pct99to100,7459709,7860187,1032653,287524,2827380,222232,342622,1430464,1717312,400478,259615,33385,107478
1999:Q3,pct80to99,16872957,19570705,4387806,1104827,4100454,3020743,1904990,2189678,2862207,2697748,2025602,455253,216893
1999:Q3,pct60to80,6514892,8106425,2381427,652069,921533,1796794,800169,422473,1131961,1591533,1123877,421780,45876
1999:Q3,pct40to60,3815756,4718239,1506366,449857,437826,976802,303976,274449,768963,902483,572151,314825,15507
1999:Q3,pct20to40,2653627,3114161,1086544,309964,259071,575038,84554,192930,606060,460534,265916,184392,10226
1999:Q3,pct00to20,1201079,1402517,558374,146461,105478,197034,12005,96868,286297,201438,94097,102259,5082
1999:Q4,pct99to100,8217292,8633194,1060420,300793,3454559,222936,375922,1449916,1768648,415902,268117,38515,109270
1999:Q4,pct80to99,18070561,20867745,4506062,1115958,4875344,3122629,2084330,2230523,2932899,2797184,2070799,465925,260460
1999:Q4,pct60to80,6815593,8422001,2424839,658480,1065885,1812465,873171,421800,1165361,1606408,1131869,430745,43794
1999:Q4,pct40to60,3949182,4873181,1538306,449414,496774,999181,335424,268173,785909,923999,584591,322526,16882
1999:Q4,pct20to40,2692373,3166671,1101216,317021,280413,577670,92587,193449,604315,474298,270872,193568,9858
1999:Q4,pct00to20,1227393,1431051,565162,149426,125304,197142,10931,93385,289701,203658,98014,102343,3301
2000:Q1,pct99to100,8404660,8833166,1106909,309466,3621939,221962,392197,1433668,1747026,428507,276078,41764,110665
2000:Q1,pct80to99,18671120,21539904,4699260,1137028,5143248,3206429,2162392,2234376,2957170,2868783,2106815,463195,298773
2000:Q1,pct60to80,6997865,8597380,2502979,669743,1118077,1818811,900554,414704,1172512,1599515,1132504,425030,41981
2000:Q1,pct40to60,4013753,4949821,1562583,455101,521872,1018103,348127,253270,790765,936068,594045,323559,18464
2000:Q1,pct20to40,2738375,3219740,1142101,324285,285522,579866,96472,194061,597433,481364,275082,196436,9846
2000:Q1,pct00to20,1232638,1440614,576766,152297,134517,196650,10235,89224,280925,207976,101690,103781,2505
2000:Q2,pct99to100,8225235,8667651,1162935,320039,3364008,219897,390312,1497880,1712579,442416,284720,46891,110805
2000:Q2,pct80to99,18764690,21685660,4919552,1156691,4936962,3278762,2140498,2320990,2932205,2920970,2165303,476354,279313
2000:Q2,pct60to80,7030182,8656249,2588062,680604,1084030,1819110,883808,422511,1178123,1626066,1151653,436196,38217
2000:Q2,pct40to60,4049374,5008935,1603560,459640,514971,1034848,342906,258380,794630,959561,610068,331678,17815
2000:Q2,pct20to40,2749317,3246981,1175399,332018,275870,581790,96311,194650,590942,497664,280917,205906,10841
2000:Q2,pct00to20,1233333,1446609,590070,155716,133555,195768,9960,86907,274633,213276,105436,104745,3095
2000:Q3,pct99to100,8260971,8718750,1208122,321950,3277565,218425,396650,1573689,1722350,457779,293714,53335,110730
2000:Q3,pct80to99,19092474,22096465,5092962,1177398,4916266,3358114,2168365,2419973,2963388,3003991,2223866,494723,285402
2000:Q3,pct60to80,7125524,8783553,2670696,690186,1083446,1822800,889020,432715,1194690,1658029,1170252,453185,34592
2000:Q3,pct40to60,4109590,5096284,1642571,466809,520092,1053008,346799,266450,800556,986694,626341,342681,17672
2000:Q3,pct20to40,2776796,3293248,1222019,336409,272123,583948,98137,195456,585156,516453,286860,218648,10945
2000:Q3,pct00to20,1240491,1457043,604975,155423,136360,195108,9558,84995,270623,216551,109412,104502,2637
2000:Q4,pct99to100,7908316,8380504,1249457,337997,2751780,215651,383292,1606007,1836321,472189,300101,60051,112037
2000:Q4,pct80to99,18957662,21993201,5323189,1191791,4381305,3423915,2084410,2473786,3114805,3035539,2276616,516240,242683
2000:Q4,pct60to80,7083129,8774863,2742292,699146,986410,1819282,845178,434981,1247574,1691734,1186727,473432,31575
2000:Q4,pct40to60,4090783,5101354,1661255,467398,487305,1068600,330564,263910,822322,1010571,638641,354731,17199
2000:Q4,pct20to40,2768367,3305694,1245291,345244,250983,585782,95374,196309,586711,537328,291575,232421,13332
2000:Q4,pct00to20,1237791,1459514,612612,160180,127410,193979,9514,82192,273627,221723,111568,104392,5763
2001:Q1,pct99to100,7600234,8079122,1326856,349583,2338274,214095,356590,1620234,1873490,478888,306106,62885,109897
2001:Q1,pct80to99,19001179,22053945,5685927,1206050,3951293,3503550,1941867,2508521,3256737,3052765,2325107,517144,210514
2001:Q1,pct60to80,7109845,8806419,2881299,707042,906352,1822656,776592,433942,1278536,1696575,1199709,470690,26176
2001:Q1,pct40to60,4116417,5137291,1705402,469002,459131,1086950,304874,257017,854916,1020875,649336,356092,15447
2001:Q1,pct20to40,2813308,3358092,1300604,352206,232341,588058,90228,197160,597496,544784,295883,235042,13859
2001:Q1,pct00to20,1241161,1469038,637648,162866,120070,193304,9799,79035,266317,227878,113485,107871,6522
2001:Q2,pct99to100,7895447,8385083,1375262,356432,2549616,207062,372687,1665795,1858229,489636,314299,65835,109502
2001:Q2,pct80to99,19634894,22785410,5866312,1218641,4269079,3575657,2017774,2576076,3261871,3150516,2407140,527560,215816
2001:Q2,pct60to80,7291734,9030442,2959692,712905,969320,1855085,802315,438898,1292226,1738708,1238491,477760,22457
2001:Q2,pct40to60,4206425,5253261,1740293,470908,488696,1113228,316839,257861,865435,1046835,670822,360702,15311
2001:Q2,pct20to40,2855445,3412299,1336208,356858,240930,593050,93843,198225,593185,556855,302905,239988,13962
2001:Q2,pct00to20,1248141,1482852,647596,163052,130164,192957,9186,76693,263204,234710,116360,112403,5947
2001:Q3,pct99to100,7476122,7988303,1421654,359570,1984384,198592,343647,1695651,1984805,512180,327638,71077,113465
2001:Q3,pct80to99,19104498,22400339,6012621,1234192,3621018,3634103,1869303,2627034,3402068,3295841,2478999,534292,282550
2001:Q3,pct60to80,7247575,9014323,3048014,719687,844384,1880384,731641,440969,1349244,1766747,1262643,481832,22272
2001:Q3,pct40to60,4189901,5268307,1787883,475212,439754,1137048,290544,254895,882972,1078406,694108,366138,18160
2001:Q3,pct20to40,2852145,3424657,1373348,360591,213520,597734,88289,199290,591884,572512,311049,247739,13724
2001:Q3,pct00to20,1242552,1482742,659778,162108,116595,192116,9482,74036,268626,240190,123115,113272,3803
2001:Q4,pct99to100,7946010,8455961,1492332,375375,2385554,200301,358521,1682886,1960992,509951,332903,68450,108598
2001:Q4,pct80to99,19746403,23054066,6169361,1241356,4013087,3654229,1968614,2564459,3442960,3307662,2527614,561501,218547
2001:Q4,pct60to80,7502572,9329907,3102318,734384,925283,1970292,769575,454910,1373145,1827335,1300929,507913,18493
2001:Q4,pct40to60,4280788,5386571,1823265,485790,478408,1159851,300287,250677,888294,1105783,709191,380061,16531
2001:Q4,pct20to40,2886018,3477237,1392560,360738,225870,597040,89645,206569,604815,591219,321113,256534,13572
2001:Q4,pct00to20,1270490,1514097,670616,166658,127509,186732,9854,84606,268122,243607,120035,117367,6205
2002:Q1,pct99to100,8112680,8636619,1563618,391753,2464284,200148,370151,1706895,1939770,523939,351536,65043,107360
2002:Q1,pct80to99,19910806,23259619,6334602,1240570,3991157,3654585,2039209,2540303,3459193,3348813,2575478,557849,215486
2002:Q1,pct60to80,7720654,9563689,3169892,744508,924909,2050655,794813,475963,1402950,1843035,1323501,501696,17838
2002:Q1,pct40to60,4346995,5483552,1878840,492228,482725,1179061,304301,255360,891037,1136557,735937,382846,17774
2002:Q1,pct20to40,2889529,3495042,1399946,359407,222186,595845,89744,214172,613741,605512,335635,256954,12923
2002:Q1,pct00to20,1284151,1536949,680923,169828,128137,180626,10177,96167,271091,252798,126724,119127,6947
2002:Q2,pct99to100,7947916,8485395,1638452,408987,2223119,199389,342553,1742372,1930523,537478,370842,63374,103262
2002:Q2,pct80to99,19493381,22892839,6486991,1243482,3581801,3648552,1923105,2527801,3481106,3399458,2641187,568214,190057
2002:Q2,pct60to80,7756671,9642487,3227355,756974,848999,2128517,741559,499317,1439766,1885817,1360171,510638,15008
2002:Q2,pct40to60,4355687,5533491,1943566,500328,455213,1197270,277814,262785,896515,1177805,767864,392009,17932
2002:Q2,pct20to40,2857632,3484838,1397540,359179,204389,594505,82439,221927,624859,627206,351409,263445,12352
2002:Q2,pct00to20,1289548,1551365,688726,174038,119197,174246,11272,108098,275788,261817,133567,119963,8287
2002:Q3,pct99to100,7579073,8129071,1720348,415036,1763410,198613,311873,1788286,1931505,549998,387626,60165,102207
2002:Q3,pct80to99,18782056,22254573,6592117,1255886,2905611,3642403,1792947,2525879,3539730,3472517,2717380,579979,175158
2002:Q3,pct60to80,7741907,9685053,3295891,772528,718079,2207134,683823,524774,1482824,1943146,1408609,520420,14117
2002:Q3,pct40to60,4362655,5582111,2017838,515848,402385,1215681,249818,272706,907835,1219456,800255,400084,19117
2002:Q3,pct20to40,2841817,3488514,1419681,356406,175925,593184,74700,229823,638795,646696,367021,267512,12163
2002:Q3,pct00to20,1289980,1561661,703134,175080,103018,167803,12329,120372,279925,271680,138268,123448,9964
2002:Q4,pct99to100,7819116,8381560,1795061,422145,1954482,199405,322709,1736607,1951150,562444,405241,57931,99272
2002:Q4,pct80to99,19033038,22593237,6707407,1262557,3022216,3653003,1881352,2420102,3646600,3560199,2794420,595045,170734
2002:Q4,pct60to80,7975683,9978696,3367490,784966,746851,2294976,718808,532024,1533581,2003013,1456670,533955,12388
2002:Q4,pct40to60,4447428,5711531,2084030,528274,420511,1237494,258691,258851,923680,1264103,833490,410211,20402
2002:Q4,pct20to40,2867756,3536073,1443551,352810,177998,592366,75796,237222,656330,668317,382971,273928,11418
2002:Q4,pct00to20,1311815,1592112,718259,175432,107530,161899,12913,130465,285615,280297,143521,125939,10837
2003:Q1,pct99to100,7870698,8443722,1863165,439937,1882545,197784,321623,1790355,1948313,573023,421090,52651,99282
2003:Q1,pct80to99,18954626,22593438,6874381,1256554,2817294,3637998,1902283,2425526,3679401,3638812,2860875,593427,184510
2003:Q1,pct60to80,8130947,10170378,3440452,792391,710576,2370791,725552,559261,1571355,2039431,1497665,529122,12644
2003:Q1,pct40to60,4491824,5788225,2136045,531921,409557,1254636,256105,270637,929324,1296401,862260,411579,22562
2003:Q1,pct20to40,2864098,3543628,1447444,350772,167562,590791,74193,245312,667554,679530,397715,271254,10561
2003:Q1,pct00to20,1325023,1614987,729785,178008,103592,155018,13578,143130,291876,289964,147636,131090,11238
2003:Q2,pct99to100,8548616,9141373,1939401,452955,2380725,197354,351549,1853677,1965712,592757,443369,49623,99765
2003:Q2,pct80to99,19579086,23421535,7019888,1259330,3263019,3635757,2082597,2440685,3720260,3842449,2963922,604680,273847
2003:Q2,pct60to80,8468967,10584534,3521081,803880,805316,2453808,798516,588433,1613500,2115567,1562201,538392,14974
2003:Q2,pct40to60,4614791,5967344,2209183,541062,457377,1274391,279349,284736,921245,1352553,906331,419479,26743
2003:Q2,pct20to40,2880116,3579870,1460631,348678,180710,589577,78778,253524,667972,699754,416829,275236,7689
2003:Q2,pct00to20,1365284,1663132,745756,180153,116739,148530,13895,156109,301951,297848,155728,134521,7599
2003:Q3,pct99to100,8900239,9512425,2024009,458857,2618350,196181,356991,1906732,1951305,612186,467885,48181,96120
2003:Q3,pct80to99,19787566,23706415,7145779,1270699,3389392,3625682,2138801,2444576,3691486,3918849,3057074,616106,245669
2003:Q3,pct60to80,8688589,10864388,3604319,818785,835343,2533766,820373,615826,1635975,2175799,1614863,548426,12510
2003:Q3,pct40to60,4697002,6103260,2287916,556118,476206,1292843,282559,296336,911282,1406259,949386,429316,27557
2003:Q3,pct20to40,2886991,3612861,1485646,345575,181373,588101,78537,261741,671887,725870,435975,282341,7554
2003:Q3,pct00to20,1387791,1698697,764209,180809,121473,141690,14522,168945,307049,310905,165750,135305,9850
2003:Q4,pct99to100,9522464,10161055,2106368,468743,3077238,195649,384240,1945678,1983139,638591,484950,45550,108091
2003:Q4,pct80to99,20451423,24438522,7294010,1279943,3738961,3622518,2309830,2433142,3760117,3987099,3138292,630839,217968
2003:Q4,pct60to80,9019865,11268538,3691873,833320,907769,2617912,890102,640736,1686826,2248673,1666872,561376,20425
2003:Q4,pct40to60,4832176,6284788,2359519,569159,512699,1312754,304454,304526,921676,1452611,983019,438752,30840
2003:Q4,pct20to40,2914883,3664522,1507962,343633,188340,586791,82677,269939,685180,749638,452136,287672,9830
2003:Q4,pct00to20,1420164,1743491,782973,182802,131590,135037,14900,181556,314633,323327,170344,138743,14240
2004:Q1,pct99to100,10375594,11025729,2224623,483402,3349562,199223,388154,2022150,2358615,650136,502412,41099,106625
2004:Q1,pct80to99,21230381,25291160,7581941,1291111,3871036,3663127,2363411,2461230,4059304,4060779,3204920,629070,226789
2004:Q1,pct60to80,9491871,11774063,3831714,849966,937742,2724017,911755,672802,1846067,2282192,1705364,556719,20109
2004:Q1,pct40to60,5008621,6495037,2444357,581936,531169,1340989,307615,321849,967122,1486416,1012910,440689,32817
2004:Q1,pct20to40,2961841,3724296,1538885,344087,187636,586774,82358,278401,706155,762454,467457,286214,8783
2004:Q1,pct00to20,1485997,1818893,812473,187264,136304,129946,15612,195105,342189,332896,175625,142682,14589
2004:Q2,pct99to100,10630882,11302103,2338622,486261,3415462,215254,390080,2167307,2289118,671221,527392,37982,105847
2004:Q2,pct80to99,21366616,25556574,7762605,1309835,3776634,3713689,2400462,2562094,4031255,4189959,3311784,635011,243164
2004:Q2,pct60to80,9699552,12049104,3962094,868387,925023,2795788,926218,717822,1853773,2349551,1768828,560467,20256
2004:Q2,pct40to60,5133498,6675080,2558857,601184,532418,1365880,307629,355851,953261,1541582,1059900,446658,35024
2004:Q2,pct20to40,2984410,3768580,1578776,341450,179871,589193,81364,287307,710619,784170,487719,288835,7616
2004:Q2,pct00to20,1519460,1865332,844644,187998,135689,129966,16290,210280,340465,345872,185650,145586,14636
2004:Q3,pct99to100,11018799,11701163,2456562,502772,3481662,231590,387471,2313047,2328059,682364,548023,36165,98176
2004:Q3,pct80to99,21630217,25921649,8015744,1308487,3675939,3766553,2419671,2663541,4071715,4291432,3405968,651541,233923
2004:Q3,pct60to80,9950926,12368724,4109236,878323,911357,2868925,934400,763106,1903376,2417797,1827005,575516,15276
2004:Q3,pct40to60,5300408,6893770,2706449,607508,533579,1391237,305416,390024,959556,1593362,1099926,457587,35849
2004:Q3,pct20to40,3001348,3809360,1608780,339866,171713,591636,79794,296283,721289,808013,505903,296022,6088
2004:Q3,pct00to20,1568498,1924607,876306,190903,134999,130054,17077,225547,349721,356109,192667,148044,15398
2004:Q4,pct99to100,11696594,12393265,2525172,500264,3819257,252912,426433,2353638,2515589,696671,556096,37758,102817
2004:Q4,pct80to99,22649956,27121532,8401985,1337810,3982192,3897368,2581427,2757450,4163300,4471576,3532582,670889,268105
2004:Q4,pct60to80,10155850,12681873,4244265,895030,983629,2853160,998504,763074,1944211,2526023,1907152,600234,18637
2004:Q4,pct40to60,5386810,7015372,2720137,621163,549072,1415330,338368,389898,981404,1628562,1130678,463158,34726
2004:Q4,pct20to40,3074990,3894751,1648125,348923,186929,607501,88507,285108,729658,819761,512427,301801,5533
2004:Q4,pct00to20,1669442,2030057,927848,195029,144504,136447,16156,241329,368744,360616,201644,146278,12694
2005:Q1,pct99to100,11867161,12558215,2586933,502452,3844994,270709,433276,2404046,2515805,691055,553653,33454,103948
2005:Q1,pct80to99,23094957,27672078,8751255,1358131,3967800,3988972,2571491,2861918,4172512,4577121,3650992,670714,255415
2005:Q1,pct60to80,10162800,12778638,4373139,907645,996771,2817157,991749,765019,1927159,2615839,1994726,602467,18646
2005:Q1,pct40to60,5466363,7104174,2769133,629327,540375,1431905,343574,392228,997632,1637811,1150944,454741,32126
2005:Q1,pct20to40,3149132,3961260,1678482,357988,193480,622172,90806,274097,744234,812128,515089,291327,5712
2005:Q1,pct00to20,1734841,2102508,975095,199596,146646,141398,15588,257300,366885,367668,203157,152272,12239
2005:Q2,pct99to100,12295526,13001904,2648295,512845,3981965,289396,454260,2507339,2607804,706378,561370,33179,111829
2005:Q2,pct80to99,23818978,28542108,9134973,1374883,4065336,4089095,2637904,3022803,4217114,4723130,3788448,681769,252913
2005:Q2,pct60to80,10244951,12970416,4504964,919988,1031096,2784089,1016880,777101,1936299,2725466,2084433,617770,23263
2005:Q2,pct40to60,5570665,7240992,2832625,633707,539004,1449899,361434,407379,1016944,1670327,1184425,455354,30548
2005:Q2,pct20to40,3197577,4017639,1693051,369743,203368,637139,96027,263617,754694,820063,521843,291666,6554
2005:Q2,pct00to20,1813097,2189870,1020387,207195,151410,146684,14860,274486,374848,376773,212241,152651,11881
2005:Q3,pct99to100,12731326,13451222,2716262,507595,4227945,307946,481090,2628687,2581697,719896,569235,33890,116771
2005:Q3,pct80to99,24611986,29490808,9515303,1393482,4271852,4186613,2725973,3203101,4194484,4878822,3928080,698598,252144
2005:Q3,pct60to80,10328109,13169470,4657844,930064,1085752,2748550,1050418,792795,1904047,2841361,2175657,639327,26377
2005:Q3,pct40to60,5683765,7390266,2902236,642749,544097,1467218,382254,426915,1024797,1706500,1218638,459139,28723
2005:Q3,pct20to40,3277382,4108173,1743348,375651,216443,652041,102014,253431,765246,830792,528630,295170,6992
2005:Q3,pct00to20,1889471,2274475,1077041,208374,158651,151893,13961,292114,372440,385004,221640,152262,11102
2005:Q4,pct99to100,13046120,13780205,2767606,502723,4306102,326749,505055,2685583,2686387,734085,575714,34680,123691
2005:Q4,pct80to99,25306793,30303749,9871260,1415317,4306109,4285808,2803469,3314830,4306956,4996956,4055967,713930,227059
2005:Q4,pct60to80,10400452,13348185,4785809,942054,1109310,2712693,1080225,796362,1921732,2947733,2258160,659428,30145
2005:Q4,pct40to60,5768210,7505782,2942979,653171,536942,1484657,401907,430990,1055137,1737572,1248452,462526,26594
2005:Q4,pct20to40,3360753,4201894,1793570,382567,225068,666995,107690,242758,783246,841142,534106,298576,8460
2005:Q4,pct00to20,1966777,2360628,1130440,210438,162082,157182,13133,308183,379170,393851,230468,151415,11968
2006:Q1,pct99to100,13816705,14569562,2736905,512244,4939407,346240,527959,2703495,2803311,752857,586591,34443,131823
2006:Q1,pct80to99,26189570,31357912,9985350,1428954,4901613,4391557,2876414,3384946,4389078,5168343,4200463,721108,246772
2006:Q1,pct60to80,10442140,13497954,4796008,952462,1234243,2679034,1108405,792536,1935266,3055814,2349183,670818,35813
2006:Q1,pct40to60,5805829,7580051,2930674,656083,564204,1503127,421043,425770,1079149,1774222,1286420,461926,25876
2006:Q1,pct20to40,3397588,4247085,1779899,393675,248669,682123,113237,231750,797732,849497,541945,298312,9240
2006:Q1,pct00to20,2018199,2422283,1145797,217392,177726,162730,12320,323244,383074,404084,242335,150978,10771
2006:Q2,pct99to100,13807017,14573849,2751347,507031,4805829,365100,534008,2778885,2831649,766832,594443,33155,139234
2006:Q2,pct80to99,26346277,31677227,10195887,1450931,4717595,4489309,2861790,3516393,4445322,5330951,4347373,727321,256257
2006:Q2,pct60to80,10343956,13510955,4865122,964460,1219431,2640328,1099810,799745,1922059,3167000,2446545,679639,40816
2006:Q2,pct40to60,5822116,7629928,2953581,666535,541980,1519887,425536,434418,1087992,1807812,1322741,460134,24937
2006:Q2,pct20to40,3443206,4297771,1807822,400727,252032,696982,115384,221335,803488,854565,548780,295410,10375
2006:Q2,pct00to20,2059987,2476373,1180736,219546,176527,168000,11749,339678,380137,416386,252208,153953,10225
2006:Q3,pct99to100,14155813,14932669,2752886,499607,4993576,384911,556838,2844563,2900288,776856,597114,34233,145509
2006:Q3,pct80to99,26874073,32352375,10365725,1474739,4857657,4596649,2933318,3637386,4486901,5478302,4466635,748626,263041
2006:Q3,pct60to80,10328535,13602359,4913409,977021,1262948,2605520,1127545,805136,1910780,3273824,2526394,702383,45047
2006:Q3,pct40to60,5856823,7695149,2953459,678349,538993,1538237,444526,440791,1100794,1838326,1347181,467359,23786
2006:Q3,pct20to40,3499069,4362312,1836285,407387,264010,712064,120904,210862,810800,863243,552065,299741,11437
2006:Q3,pct00to20,2105762,2533608,1207959,221176,182321,173638,10920,355820,381775,427846,259036,159099,9711
2006:Q4,pct99to100,14653437,15438674,2726698,499573,5422209,405356,588450,2881636,2914752,785237,596240,35500,153497
2006:Q4,pct80to99,27616545,33229516,10479760,1489308,5240224,4710172,3047679,3727555,4534819,5612971,4549768,764162,299041
2006:Q4,pct60to80,10345069,13696837,4919598,985927,1349338,2573038,1173459,805043,1890433,3351768,2578842,721364,51562
2006:Q4,pct40to60,5880620,7735931,2920910,683889,549309,1557535,470756,440370,1113163,1855312,1358569,472053,24690
2006:Q4,pct20to40,3543610,4412752,1840668,415145,282215,727241,128121,200119,819242,869142,551920,303826,13396
2006:Q4,pct00to20,2147856,2580750,1223533,224417,193170,179518,9923,371156,379032,432894,264005,159811,9078
2007:Q1,pct99to100,15056699,15848856,2661829,508221,5716803,425162,605667,2872182,3058993,792157,601549,33966,156642
2007:Q1,pct80to99,28114392,33812878,10465919,1499974,5485295,4815619,3085811,3767441,4692819,5698487,4649991,759479,289017
2007:Q1,pct60to80,10288318,13695881,4858146,994468,1411272,2535653,1187166,795962,1913214,3407563,2638032,716734,52797
2007:Q1,pct40to60,5859063,7727817,2857200,685365,550437,1575091,483974,428891,1146859,1868754,1379722,467327,21705
2007:Q1,pct20to40,3562477,4428429,1807607,425726,296962,742095,132324,188897,834818,865952,554886,297869,13197
2007:Q1,pct00to20,2164530,2610427,1214598,230880,201065,185114,9127,385157,384486,445897,273074,164797,8026
2007:Q2,pct99to100,15340538,16139879,2621616,510632,5911822,435700,638167,2905800,3116141,799341,604002,34869,160470
2007:Q2,pct80to99,28466651,34326010,10480226,1515448,5627645,4931408,3208516,3853083,4709683,5859359,4752037,772560,334762
2007:Q2,pct60to80,10256824,13749834,4825822,1004395,1455316,2533797,1237308,795153,1898043,3493010,2702881,733926,56203
2007:Q2,pct40to60,5838294,7729000,2820793,690620,544852,1587245,512311,427789,1145389,1890706,1399171,470352,21183
2007:Q2,pct20to40,3565226,4435601,1790292,434909,309262,750855,139986,178146,832151,870375,556815,300915,12645
2007:Q2,pct00to20,2191446,2641068,1217018,235615,206826,184620,8127,400169,388693,449622,280289,164343,4990
2007:Q3,pct99to100,15645947,16453439,2557350,507991,5974112,445584,657662,2912979,3397761,807491,602753,37007,167731
2007:Q3,pct80to99,28866104,34798162,10399748,1530256,5633335,5039646,3260496,3909719,5024962,5932058,4847256,798664,286138
2007:Q3,pct60to80,10232681,13821171,4791919,1012869,1475933,2528530,1257332,789192,1965395,3588490,2766811,761332,60347
2007:Q3,pct40to60,5884373,7798837,2827646,696765,530944,1597958,528303,420446,1196776,1914464,1413768,480905,19791
2007:Q3,pct20to40,3588270,4470574,1780713,441970,318406,759260,144802,167128,858295,882303,556872,308333,17098
2007:Q3,pct00to20,2211088,2674688,1217452,238091,209837,183887,7303,414323,403795,463599,285212,169310,9077
2007:Q4,pct99to100,15264459,16079670,2546895,510014,5586255,444864,647665,2835074,3508903,815211,610915,39795,164501
2007:Q4,pct80to99,28849239,34854889,10340719,1546297,5401786,5127539,3259382,3837800,5341366,6005650,4887106,820317,298227
2007:Q4,pct60to80,10022825,13628883,4662202,1017274,1394915,2555745,1211530,776905,2010313,3606058,2773339,768995,63724
2007:Q4,pct40to60,5768563,7717783,2724875,704731,519921,1603947,514466,420693,1229149,1949220,1436962,490023,22235
2007:Q4,pct20to40,3556021,4458421,1769029,448270,308198,752066,139064,174002,867792,902400,571140,313374,17886
2007:Q4,pct00to20,2217059,2703888,1200292,248203,217437,182629,11263,424855,419209,486829,297671,176973,12185
2008:Q1,pct99to100,14552326,15372154,2487675,503734,5055923,443349,614719,2621361,3645393,819828,618633,39633,161562
2008:Q1,pct80to99,28154230,34240851,10018453,1569212,5021449,5205886,3130473,3617030,5678348,6086621,4912986,821734,351901
2008:Q1,pct60to80,9685985,13274718,4476014,1023803,1288195,2578059,1112952,737639,2058056,3588733,2768369,752568,67796
2008:Q1,pct40to60,5642783,7614576,2659072,718027,500061,1608011,478475,388454,1262475,1971792,1455863,489981,25948
2008:Q1,pct20to40,3522834,4433171,1748153,452646,294135,744477,128197,178779,886784,910337,584401,308115,17821
2008:Q1,pct00to20,2193020,2706540,1168809,255957,221488,181031,15346,430356,433553,513520,309871,189978,13671
2008:Q2,pct99to100,14098528,14930312,2439263,489478,4775398,442994,612252,2555129,3615799,831784,630879,43691,157214
2008:Q2,pct80to99,27843938,33854234,9711184,1588556,4891315,5296693,3153213,3554720,5658553,6010296,4898100,829800,282396
2008:Q2,pct60to80,9493904,13031428,4328059,1026620,1225279,2606972,1078768,726849,2038880,3537524,2721716,747796,68012
2008:Q2,pct40to60,5610130,7595521,2630786,731597,493988,1614435,468302,390708,1265705,1985391,1466672,494823,23896
2008:Q2,pct20to40,3478157,4405492,1739634,452975,286056,737212,123306,184933,881376,927335,596885,312727,17723
2008:Q2,pct00to20,2193265,2727299,1150617,259517,230258,179914,18901,439584,448508,534034,325031,191616,17387
2008:Q3,pct99to100,13249376,14074599,2384906,485995,4054236,441692,572880,2433899,3700992,825223,625393,43852,155978
2008:Q3,pct80to99,26895490,33023631,9442899,1601365,4305582,5376313,2997739,3430975,5868758,6128141,4887278,841756,399107
2008:Q3,pct60to80,9157155,12676856,4181235,1028020,1082816,2630112,974011,704821,2075841,3519701,2702418,741811,75472
2008:Q3,pct40to60,5531930,7528013,2587621,739378,460863,1618688,429884,379591,1311989,1996084,1464774,499312,31998
2008:Q3,pct20to40,3434850,4368082,1716496,456314,266078,729578,111680,189898,898037,933232,603130,310265,19837
2008:Q3,pct00to20,2181162,2738174,1128256,266661,228382,178394,22748,446103,467631,557012,328850,206816,21346
2008:Q4,pct99to100,12001635,12825634,2323595,483668,3003664,438771,507222,2250095,3818619,823998,620633,44193,159172
2008:Q4,pct80to99,25828661,31696734,9216113,1596737,3370348,5437397,2688955,3236345,6150839,5868073,4855966,845976,166131
2008:Q4,pct60to80,8696629,12169581,4037328,1019721,877039,2643597,811568,669714,2110614,3472952,2664199,730624,78129
2008:Q4,pct40to60,5421299,7406500,2521384,738568,404332,1619348,366411,353487,1402970,1985201,1457623,499811,27767
2008:Q4,pct20to40,3382917,4325658,1691636,456398,235261,721350,94271,193291,933451,942741,608451,306936,27354
2008:Q4,pct00to20,2140259,2728287,1105569,271154,216184,176189,26064,449040,484086,588028,333193,216248,38587
2009:Q1,pct99to100,11280896,12094161,2261681,476922,2563977,434267,488832,2076049,3792434,813265,618143,40104,155018
2009:Q1,pct80to99,25209815,31025310,8972633,1594285,3051384,5480587,2638089,3049840,6238492,5815495,4858458,829377,127660
2009:Q1,pct60to80,8420428,11849085,3902234,1011675,781230,2647721,755644,635842,2114738,3428658,2652676,696224,79758
2009:Q1,pct40to60,5340180,7318523,2471352,739906,383462,1616539,347294,329334,1430636,1978343,1461877,489446,27020
2009:Q1,pct20to40,3350390,4284364,1671643,455144,220375,712554,86976,196087,941586,933975,616554,290984,26437
2009:Q1,pct00to20,2119509,2730545,1087770,274125,216837,173313,29186,450846,498468,611036,338881,232006,40149
2009:Q2,pct99to100,11391657,12204467,2214746,464620,3162903,432645,532853,1862815,3533885,812811,621893,40375,150543
2009:Q2,pct80to99,25771759,31576898,8742159,1600330,3813328,5555602,2912731,2816215,6136533,5805139,4838198,823597,143344
2009:Q2,pct60to80,8431332,11804703,3794659,1007262,881585,2668554,823989,593004,2035650,3373371,2613414,676333,83624
2009:Q2,pct40to60,5357890,7337803,2457220,746684,432183,1620019,379745,295806,1406146,1979913,1464365,485434,30114
2009:Q2,pct20to40,3332694,4271409,1657376,453427,237583,704874,91608,197169,929372,938715,625320,285627,27768
2009:Q2,pct00to20,2105956,2737134,1078625,276192,246444,171647,32762,448881,482582,631178,348384,237508,45286
2009:Q3,pct99to100,11975075,12780179,2189423,449106,3777445,431315,580302,1794916,3557672,805104,617524,40663,146917
2009:Q3,pct80to99,26692303,32499279,8578338,1603158,4593250,5633660,3207794,2744305,6138773,5806975,4812872,830225,163878
2009:Q3,pct60to80,8553478,11887847,3698745,1000283,982755,2690984,899751,579801,2035528,3334369,2579935,666670,87764
2009:Q3,pct40to60,5440021,7420661,2440773,752751,480956,1624204,415345,295260,1411373,1980640,1459106,488085,33449
2009:Q3,pct20to40,3331254,4274480,1653607,449709,254404,697405,96762,200762,921832,943226,631095,282741,29390
2009:Q3,pct00to20,2138308,2792836,1076521,276261,276013,170099,36386,453190,504366,654527,352896,250328,51303
2009:Q4,pct99to100,11904918,12707805,2172024,449847,3840184,428781,598580,1710813,3507576,802886,619953,41699,141234
2009:Q4,pct80to99,26984900,32797468,8491500,1612785,4796559,5698415,3353812,2652826,6191570,5812568,4788376,831949,192243
2009:Q4,pct60to80,8524718,11807037,3618350,1000665,982501,2706380,918465,562874,2017801,3282318,2538770,652703,90845
2009:Q4,pct40to60,5458374,7442840,2422152,758026,494086,1625892,427406,290422,1424855,1984465,1459167,488977,36321
2009:Q4,pct20to40,3314030,4262935,1638518,454087,255330,689605,96311,203516,925568,948905,639037,280177,29691
2009:Q4,pct00to20,2146462,2822441,1074722,284722,290849,168040,39927,455740,508440,675979,361449,259513,55017
2010:Q1,pct99to100,12127688,12929612,2178322,441251,4035886,433708,618641,1736366,3485438,801925,618073,40403,143449
2010:Q1,pct80to99,27669652,33446288,8449812,1613726,5139038,5845482,3502001,2687000,6209229,5776635,4728600,814494,233541
2010:Q1,pct60to80,8654722,11846217,3557827,994005,1006711,2765036,936894,569340,2016404,3191495,2472496,619102,99897
2010:Q1,pct40to60,5538818,7509949,2407001,761528,515855,1644035,438930,310182,1432418,1971130,1445727,480582,44821
2010:Q1,pct20to40,3310262,4262146,1640078,452795,260112,684881,95692,209054,919534,951884,643287,269323,39274
2010:Q1,pct00to20,2166396,2880038,1081487,287498,309282,169124,43451,464935,524261,713641,367279,269153,77209
2010:Q2,pct99to100,11759116,12564122,2183192,433911,3561752,434863,592415,1848086,3509903,805006,622684,41975,140347
2010:Q2,pct80to99,27440353,33195779,8409949,1609413,4771279,5963329,3404445,2821164,6216200,5755425,4695704,812784,246937
2010:Q2,pct60to80,8552488,11679741,3500146,984518,909039,2815594,863447,594536,2012461,3127253,2421687,602118,103448
2010:Q2,pct40to60,5560210,7531923,2417371,762262,493850,1664255,411935,349403,1432847,1971712,1444755,479783,47174
2010:Q2,pct20to40,3263120,4221430,1633727,450907,245809,676475,86147,217150,911215,958311,651137,266944,40230
2010:Q2,pct00to20,2195455,2930385,1090261,289900,308931,171095,46583,480097,543517,734930,376890,274849,83191
2010:Q3,pct99to100,12280658,13080512,2159094,422978,4026412,438957,632158,1892454,3508459,799854,621666,44113,134075
2010:Q3,pct80to99,28458422,34186273,8255768,1611626,5399765,6114499,3664845,2878325,6261445,5727851,4658308,823555,245988
2010:Q3,pct60to80,8762985,11837906,3466088,977947,983024,2883508,923680,605426,1998233,3074920,2373579,596338,105003
2010:Q3,pct40to60,5728292,7699500,2459507,767030,533756,1691229,441294,372744,1433940,1971209,1438086,485815,47308
2010:Q3,pct20to40,3269350,4232408,1636128,448931,258650,669369,89307,223379,906644,963058,656997,268209,37852
2010:Q3,pct00to20,2259306,3010626,1114004,291853,335275,174309,50472,490985,553728,751320,383120,285696,82504
2010:Q4,pct99to100,12825094,13627365,2154655,442849,4449928,424806,662590,1978483,3514055,802272,612086,50475,139711
2010:Q4,pct80to99,29398912,35141988,8253767,1613278,5855412,6226529,3841379,2912483,6439140,5743076,4606969,870052,266055
2010:Q4,pct60to80,8997769,12072547,3403727,980538,1060715,2978920,1007592,614028,2027027,3074779,2331195,642443,101141
2010:Q4,pct40to60,5677542,7626466,2338096,755750,562498,1714868,466373,364655,1424225,1948924,1393038,509134,46752
2010:Q4,pct20to40,3269375,4245321,1608863,452084,267816,687806,97172,219265,912315,975946,646074,293075,36797
2010:Q4,pct00to20,2210129,2944168,1062035,291003,336619,178865,50407,479785,545454,734038,368536,281632,83870
2011:Q1,pct99to100,13280278,14087308,2130835,457675,4823174,403827,684473,2038916,3548408,807030,615252,48425,143353
2011:Q1,pct80to99,29878317,35650502,8141370,1625931,6255215,6266400,3948063,2915796,6497727,5772185,4608802,862949,300434
2011:Q1,pct60to80,9184174,12232938,3355046,988393,1128727,3036465,1064404,616939,2042964,3048764,2319113,633347,96304
2011:Q1,pct40to60,5641114,7566252,2262893,750991,587349,1724300,478522,349936,1412260,1925138,1372850,506714,45574
2011:Q1,pct20to40,3272195,4240108,1577322,455487,275096,703845,102265,214279,911814,967913,642497,291922,33494
2011:Q1,pct00to20,2163720,2890605,1022496,289785,335554,180629,49920,466532,545689,726885,361611,284952,80322
2011:Q2,pct99to100,13412763,14221802,2131403,481741,4804181,382092,685629,2109013,3627742,809039,613405,48529,147105
2011:Q2,pct80to99,30092971,35863134,8130098,1635029,6242015,6300970,3958290,2928625,6668107,5770163,4604394,871648,294121
2011:Q2,pct60to80,9322142,12362948,3348942,996164,1126542,3091443,1086467,621690,2091701,3040806,2307117,642525,91164
2011:Q2,pct40to60,5620631,7520483,2228365,742277,587543,1732816,476734,336701,1416047,1899853,1346883,509892,43078
2011:Q2,pct20to40,3257468,4223501,1541540,461901,271746,719957,104069,209425,914863,966034,637130,298329,30575
2011:Q2,pct00to20,2139236,2849695,998716,291962,324055,182172,49457,453519,549814,710458,351738,282154,76566
2011:Q3,pct99to100,12748776,13563577,2135495,484982,3950728,357223,634993,2201640,3798516,814801,613054,49456,152291
2011:Q3,pct80to99,29154090,34921070,8072710,1651765,5351273,6305201,3689573,2965054,6885494,5766979,4602269,886884,277826
2011:Q3,pct60to80,9230259,12270018,3355669,1003843,975317,3130845,1000071,630903,2173370,3039758,2295203,656417,88138
2011:Q3,pct40to60,5526100,7409446,2198500,742402,535595,1735407,429823,327766,1439953,1883346,1322708,518133,42505
2011:Q3,pct20to40,3244953,4216267,1546515,461400,246241,735244,95716,204965,926186,971315,632390,307493,31432
2011:Q3,pct00to20,2094500,2803334,982546,286237,291613,182539,48860,441351,570188,708834,342769,283792,82273
2011:Q4,pct99to100,13208927,14027925,2120489,502797,4256821,336284,661725,2310346,3839463,818998,610044,50346,158608
2011:Q4,pct80to99,29823555,35579993,8038322,1654683,5683132,6354411,3833006,3017313,6999125,5756438,4601787,904786,249865
2011:Q4,pct60to80,9448515,12495825,3342253,1006627,1031885,3194089,1074032,643114,2203825,3047310,2287344,674523,85443
2011:Q4,pct40to60,5530212,7394885,2142109,732272,556828,1747047,448972,321580,1446077,1864673,1296592,526178,41903
2011:Q4,pct20to40,3255093,4232675,1526270,463877,251722,752373,102269,200652,935512,977582,627007,317531,33044
2011:Q4,pct00to20,2057123,2762270,956523,284398,288207,184622,48471,429460,570589,705148,332164,282861,90123
2012:Q1,pct99to100,13888662,14712763,2110661,528694,4894143,316020,702488,2365961,3794797,824101,612004,49026,163071
2012:Q1,pct80to99,30761665,36527227,8008251,1659890,6359305,6413531,4064483,3008652,7013115,5765562,4591033,900154,274375
2012:Q1,pct60to80,9757023,12771664,3317897,1012474,1146669,3262818,1186482,644058,2201266,3014641,2265646,667856,81139
2012:Q1,pct40to60,5540606,7378431,2085325,721235,597744,1760727,484250,302718,1426432,1837825,1272186,524987,40652
2012:Q1,pct20to40,3257070,4228518,1487069,470135,265278,770052,112298,194914,928772,971448,622417,318692,30339
2012:Q1,pct00to20,2017155,2713393,927704,286487,291670,187079,48025,414260,558168,696238,324674,284325,87239
2012:Q2,pct99to100,13937155,14765420,2154370,537698,4710572,292029,692016,2482524,3896210,828265,609489,49879,168897
2012:Q2,pct80to99,30696849,36461428,8086878,1667825,6176332,6436448,3989697,3065313,7038936,5764579,4584328,915181,265070
2012:Q2,pct60to80,9867184,12879706,3367011,1016232,1115790,3313082,1174921,657192,2235479,3012522,2251998,683084,77440
2012:Q2,pct40to60,5523301,7339121,2096621,715654,588387,1767242,466550,296565,1408102,1815819,1244842,531687,39290
2012:Q2,pct20to40,3249768,4224595,1489167,470025,257600,786658,110692,190288,920166,974827,616780,328394,29653
2012:Q2,pct00to20,2008503,2694291,927954,281531,275431,188147,47336,401547,572345,685787,314393,282243,89151
2012:Q3,pct99to100,14513313,15340214,2201268,549034,5048050,269875,715039,2630012,3926937,826902,603275,49955,173672
2012:Q3,pct80to99,31536177,37325507,8208934,1674728,6536447,6481318,4112423,3153311,7158347,5789330,4585622,935041,268667
2012:Q3,pct60to80,10162129,13187713,3427398,1019883,1176834,3375154,1245707,676164,2266573,3025584,2248648,703201,73735
2012:Q3,pct40to60,5581491,7376112,2093474,708968,610360,1778146,483313,296367,1405484,1794621,1215899,540440,38282
2012:Q3,pct20to40,3282233,4259044,1498739,470624,262901,804182,116639,185964,919995,976811,610530,337724,28557
2012:Q3,pct00to20,1997515,2673572,929971,277370,270580,190059,46629,389477,569487,676057,301656,284092,90309
2012:Q4,pct99to100,14795800,15636336,2236797,563660,5102550,246522,719554,2734276,4032977,840535,608969,53939,177627
2012:Q4,pct80to99,31964927,37728371,8316866,1685358,6601603,6516342,4135021,3191663,7281518,5763444,4574981,954427,234036
2012:Q4,pct60to80,10368610,13384194,3474575,1026419,1187939,3432524,1276773,685974,2299990,3015585,2223598,722310,69677
2012:Q4,pct40to60,5570939,7354113,2074444,703273,615293,1787084,483502,285766,1404750,1783174,1195578,550880,36716
2012:Q4,pct20to40,3290239,4280543,1502509,473380,260971,821499,118878,180492,922814,990304,607140,354395,28769
2012:Q4,pct00to20,1978330,2646462,928686,275349,258957,191600,45974,374736,571160,668132,296728,276953,94451
2013:Q1,pct99to100,15692528,16512433,2305322,584801,5828949,237521,752264,2831185,3972390,819905,590509,47167,182229
2013:Q1,pct80to99,33228319,39028253,8565153,1690729,7361177,6700110,4309755,3219865,7181464,5799934,4589090,957053,253791
2013:Q1,pct60to80,10782621,13817762,3558871,1031303,1316237,3567062,1372328,693950,2278012,3035141,2242727,726161,66253
2013:Q1,pct40to60,5664507,7405959,2070480,693387,659182,1825613,509727,272735,1374835,1741453,1157115,548207,36131
2013:Q1,pct20to40,3344518,4317306,1507865,477652,275077,843878,126885,174627,911322,972788,597807,347692,27289
2013:Q1,pct00to20,1976103,2634448,934883,275218,261068,198842,44983,359054,560400,658345,275649,287493,95203
2013:Q2,pct99to100,15978720,16803695,2397465,595665,5924855,220534,756909,3036646,3871621,824975,589210,47885,187880
2013:Q2,pct80to99,33717516,39550413,8794184,1694859,7467453,6892204,4329140,3362815,7009757,5832897,4594685,973067,265145
2013:Q2,pct60to80,11016868,14061996,3662142,1033234,1334171,3671634,1404262,723099,2233454,3045128,2237984,743801,63343
2013:Q2,pct40to60,5709608,7433170,2103984,685371,666083,1858125,509484,282834,1327289,1723562,1133619,554217,35726
2013:Q2,pct20to40,3362152,4340137,1527648,477414,273709,871056,129022,170269,891019,977985,593211,358154,26620
2013:Q2,pct00to20,1965781,2613623,954254,270276,249289,204549,44170,346805,544280,647842,265889,283068,98885
2013:Q3,pct99to100,16635897,17466902,2472948,600289,6286825,204890,785188,3234068,3882694,831005,590397,48998,191610
2013:Q3,pct80to99,34802584,40670187,9013333,1705927,7846971,7098194,4482421,3494236,7029106,5867603,4618151,995559,253893
2013:Q3,pct60to80,11420060,14490705,3781141,1037881,1398119,3783400,1494485,750077,2245603,3070645,2245550,766314,58781
2013:Q3,pct40to60,5838368,7554241,2148305,682278,687981,1893392,533055,290491,1318739,1715872,1116995,565007,33870
2013:Q3,pct20to40,3414811,4400666,1558385,476157,278434,898695,136370,165332,887293,985855,590517,370193,25145
2013:Q3,pct00to20,1973469,2612845,978956,263931,242508,210790,43028,333215,540417,639376,257597,284225,97554
2013:Q4,pct99to100,17316181,18161488,2552791,610137,6758950,224484,838042,3294962,3882121,845307,594481,57256,193570
2013:Q4,pct80to99,35841245,41843906,9185434,1699537,8313830,7310626,4695773,3577966,7060739,6002661,4612852,1006451,383358
2013:Q4,pct60to80,11660500,14745211,3825340,1040124,1443138,3888839,1574389,741131,2232250,3084712,2233737,787120,63855
2013:Q4,pct40to60,5927328,7652565,2164094,685007,692850,1926262,560881,287552,1335919,1725237,1110055,577935,37247
2013:Q4,pct20to40,3460610,4450285,1585432,476852,284412,902412,144564,171545,885068,989675,586501,380474,22700
2013:Q4,pct00to20,1976640,2612918,974695,265676,250642,213270,43300,335425,529910,636279,257418,281233,97628
2014:Q1,pct99to100,17934896,18794545,2618472,625999,7192603,230588,862077,3290305,3974500,859649,600430,62806,196413
2014:Q1,pct80to99,36706102,42702903,9343777,1685007,8743259,7384887,4752119,3590807,7203047,5996800,4595229,998614,402957
2014:Q1,pct60to80,11801753,14863942,3862070,1038959,1482646,3922942,1587593,719887,2249845,3062189,2210413,785682,66094
2014:Q1,pct40to60,5989451,7712464,2201833,682294,696400,1931210,561443,270695,1368589,1723013,1102415,583717,36881
2014:Q1,pct20to40,3480207,4466026,1585116,478228,289753,901207,146677,176581,888464,985819,582281,381487,22051
2014:Q1,pct00to20,1971784,2612065,969788,268581,258169,210456,43999,335294,525778,640281,258698,284510,97073
2014:Q2,pct99to100,18649224,19530519,2705840,636277,7654472,237290,896806,3400093,3999742,881295,608929,72455,199911
2014:Q2,pct80to99,37703992,43710434,9513258,1681225,9203600,7464248,4865746,3726225,7256132,6006442,4589141,1011314,405987
2014:Q2,pct60to80,11984317,15055459,3930456,1042885,1528002,3959654,1625127,721600,2247734,3071142,2194249,808084,68809
2014:Q2,pct40to60,6110777,7845910,2277702,686251,702284,1937043,571846,278914,1391870,1735133,1100349,598199,36585
2014:Q2,pct20to40,3505592,4502551,1604112,479736,295985,900016,150932,183408,888362,996960,579610,394864,22486
2014:Q2,pct00to20,1983021,2623176,974952,271169,266424,207821,44548,339419,518843,640155,261607,279086,99462
2014:Q3,pct99to100,18792808,19694508,2777460,652094,7535276,242653,905754,3510163,4071107,901700,617486,81340,202874
2014:Q3,pct80to99,38110704,44031535,9698495,1680369,9063995,7529040,4836410,3861663,7361563,5920831,4592959,1027216,300656
2014:Q3,pct60to80,12002004,15088338,3994297,1049730,1473341,3988818,1602376,723766,2256011,3086334,2186216,831206,68912
2014:Q3,pct40to60,6144987,7893973,2329130,690280,675291,1939799,557430,287231,1414811,1748986,1100707,615425,32854
2014:Q3,pct20to40,3508880,4518707,1619106,484206,288485,898165,149636,190216,888893,1009828,577552,407182,25094
2014:Q3,pct00to20,1975227,2625010,977215,276849,262685,204608,45373,343671,514610,649783,264434,280576,104773
2014:Q4,pct99to100,19303175,20225148,2823863,668937,7856734,249189,932872,3601703,4091849,921973,625699,90355,205919
2014:Q4,pct80to99,38877160,44794218,9838341,1671594,9381142,7604981,4913395,3976868,7407897,5917057,4595420,1040100,281537
2014:Q4,pct60to80,12092884,15195824,4028769,1052204,1495927,4023719,1625049,722699,2247456,3102940,2177577,853751,71612
2014:Q4,pct40to60,6198010,7960177,2361710,690190,674193,1944689,561951,291664,1435780,1762167,1100480,629556,32131
2014:Q4,pct20to40,3517376,4538284,1622801,487344,291668,896573,152453,196669,890776,1020908,575276,419502,26130
2014:Q4,pct00to20,1971076,2621806,970233,281490,268190,201809,46053,347321,506709,650730,267056,276277,107397
2015:Q1,pct99to100,19797397,20730828,2894355,683664,8066067,255049,959099,3675957,4196637,933431,629712,94094,209625
2015:Q1,pct80to99,39644797,45541026,10003484,1665289,9582862,7673287,4979396,4073141,7563567,5896229,4581692,1030889,283648
2015:Q1,pct60to80,12229717,15315160,4073006,1055668,1499752,4054652,1642838,718649,2270595,3085443,2159975,850126,75342
2015:Q1,pct40to60,6294038,8051458,2408597,691822,667085,1947922,564089,292553,1479390,1757420,1092021,633160,32239
2015:Q1,pct20to40,3548644,4563813,1629098,490182,292283,894592,154746,202765,900146,1015169,570541,417732,26896
2015:Q1,pct00to20,1963756,2620561,964123,285715,271412,198700,46683,350384,503545,656805,266996,281102,108707
2015:Q2,pct99to100,20068353,21022049,2985476,700997,8125459,260194,971573,3801730,4176620,953696,638017,102383,213296
2015:Q2,pct80to99,40033074,45970871,10192786,1674058,9629346,7733639,4981767,4224760,7534516,5937798,4600121,1045948,291729
2015:Q2,pct60to80,12258989,15378046,4142939,1068421,1478301,4081450,1634980,724821,2247134,3119057,2164350,874920,79787
2015:Q2,pct40to60,6361784,8137532,2486881,700091,651740,1949438,556332,304278,1488772,1775748,1095513,647367,32868
2015:Q2,pct20to40,3556226,4582707,1641944,497484,289384,892220,154685,209797,897194,1026481,569180,429508,27793
2015:Q2,pct00to20,1968714,2624898,966528,294035,271507,195264,47538,355518,494507,656183,269429,277614,109140
2015:Q3,pct99to100,19674291,20648824,3071907,702776,7455669,263574,946808,3874253,4333836,974533,647173,110496,216864
2015:Q3,pct80to99,39596570,45554751,10355972,1680522,8915557,7775400,4787183,4318626,7721492,5958181,4620506,1065113,272562
2015:Q3,pct60to80,12127917,15282252,4217576,1076466,1331720,4098610,1546457,721054,2290369,3154335,2169610,900978,83747
2015:Q3,pct40to60,6363318,8161316,2555103,711030,594491,1947074,515799,304951,1532868,1797998,1100422,664969,32607
2015:Q3,pct20to40,3568999,4608085,1681141,497878,268778,889085,147123,215794,908286,1039086,568203,441773,29110
2015:Q3,pct00to20,1964296,2625635,972793,295024,255940,191085,48633,358654,503507,661339,272424,279737,109178
2015:Q4,pct99to100,20107615,21099466,3129700,708875,7793963,269937,981164,3888994,4326833,991851,659214,111640,220997
2015:Q4,pct80to99,40350073,46294946,10488192,1683133,9252997,7847155,4910476,4349669,7763324,5944873,4645267,1038065,261541
2015:Q4,pct60to80,12282849,15429927,4273802,1083202,1359962,4131253,1589360,706619,2285728,3147078,2175787,881014,90277
2015:Q4,pct40to60,6456072,8257444,2606894,719014,596206,1950723,528842,293905,1561859,1801372,1109631,657401,34340
2015:Q4,pct20to40,3622817,4655901,1710631,499198,272865,886947,151631,220586,914043,1033084,568517,432352,32215
2015:Q4,pct00to20,1955441,2623312,971091,297203,262047,188059,49322,359540,496049,667870,277390,279757,110723
2016:Q1,pct99to100,20453587,21458705,3190220,725065,7948119,275529,1004535,3858749,4456488,1005118,664733,115070,225315
2016:Q1,pct80to99,40931358,46870307,10620758,1686286,9398656,7910650,4968992,4331536,7953429,5938949,4647606,1034757,256586
2016:Q1,pct60to80,12387078,15535279,4313754,1092406,1356993,4159599,1605277,684092,2323158,3148201,2170069,882420,95712
2016:Q1,pct40to60,6530472,8334579,2655726,724739,587585,1952612,530504,274122,1609291,1804108,1106454,662770,34884
2016:Q1,pct20to40,3650663,4681335,1718753,504791,272541,884446,153578,224324,922901,1030672,565123,432130,33419
2016:Q1,pct00to20,1950882,2620906,962186,303955,264221,184691,50019,358579,497256,670025,278096,285088,106841
2016:Q2,pct99to100,20993761,22018099,3274495,748352,8215348,310519,1030303,3957391,4481691,1024338,672876,122268,229194
2016:Q2,pct80to99,41657664,47645404,10879243,1687416,9663058,7946181,5049323,4452749,7967433,5987739,4671098,1048644,267997
2016:Q2,pct60to80,12532682,15717820,4405794,1101948,1373883,4194577,1630832,686196,2324590,3185138,2178960,905160,101018
2016:Q2,pct40to60,6633600,8455401,2741922,727714,585829,1953971,536600,280501,1628864,1821801,1110815,675699,35287
2016:Q2,pct20to40,3663334,4702565,1730338,512846,275079,876744,156424,230700,920434,1039231,563838,442199,33194
2016:Q2,pct00to20,1984352,2646335,964229,313448,268902,187462,50802,362891,498601,661983,280270,282824,98889
2016:Q3,pct99to100,21474389,22520536,3353424,742877,8506727,346051,1066262,4044103,4461093,1046147,683783,129849,232515
2016:Q3,pct80to99,42322938,48372864,10986254,1695605,9953212,7986076,5178726,4560801,8012191,6049926,4701061,1068301,280564
2016:Q3,pct60to80,12685866,15914243,4502511,1109350,1395236,4231852,1676004,686243,2313047,3228378,2190519,930857,107002
2016:Q3,pct40to60,6786282,8635154,2860133,741129,585725,1956186,550367,284485,1657129,1848872,1119765,693030,36077
2016:Q3,pct20to40,3726239,4777356,1795729,510663,278289,869158,161054,236811,925653,1051118,563930,454164,33024
2016:Q3,pct00to20,2025502,2684452,1004586,311567,274159,190411,51504,366772,485454,658950,284290,285390,89270
2016:Q4,pct99to100,21596935,22656999,3405716,734460,8612011,369566,1061057,4084122,4390067,1060064,686404,125122,248538
2016:Q4,pct80to99,42571810,48623666,11202114,1711956,9997890,7978098,5212705,4528570,7992333,6051857,4723818,1083719,244320
2016:Q4,pct60to80,12798156,16062705,4570037,1115932,1432564,4253565,1663902,692345,2334359,3264549,2202287,958186,104076
2016:Q4,pct40to60,6801621,8676240,2860388,750832,593412,1990579,559024,279611,1642393,1874618,1125655,713099,35864
2016:Q4,pct20to40,3767884,4842697,1839690,511865,281470,872877,160624,235919,940253,1074813,569540,471438,33835
2016:Q4,pct00to20,2081416,2735881,1024931,311684,283425,198086,51971,365568,500217,654466,284227,284873,85366
2017:Q1,pct99to100,22302038,23370937,3453193,734111,9158530,395023,1085748,4123248,4421083,1068899,689705,114884,264310
2017:Q1,pct80to99,43542872,49613331,11390200,1731665,10499073,7988760,5421610,4494373,8087650,6070459,4743880,1073752,252827
2017:Q1,pct60to80,13134344,16402340,4635112,1126164,1545981,4285028,1723847,698251,2387957,3267996,2211251,955184,101561
2017:Q1,pct40to60,6939421,8828119,2896632,760141,626233,2028953,598142,274403,1643615,1888698,1131749,720526,36423
2017:Q1,pct20to40,3840269,4922171,1873520,517128,295306,877289,167012,234982,956933,1081902,575234,473773,32895
2017:Q1,pct00to20,2178791,2833680,1070162,315992,302415,206536,52411,364283,521880,654889,284709,292305,77875
2017:Q2,pct99to100,22900096,23983829,3508790,727512,9472982,420144,1098314,4358437,4397650,1083732,694214,108861,280657
2017:Q2,pct80to99,44249314,50369017,11584750,1744775,10754964,7994322,5566270,4669314,8054622,6119702,4773079,1081863,264760
2017:Q2,pct60to80,13410290,16713771,4729433,1131252,1620398,4313985,1757276,740709,2420718,3303481,2226395,975137,101949
2017:Q2,pct40to60,7086141,9003890,2968822,767839,645751,2066469,626558,308127,1620325,1917749,1141142,737051,39556
2017:Q2,pct20to40,3892821,4997121,1919894,518370,303455,881520,170929,238083,964869,1104300,581848,487772,34680
2017:Q2,pct00to20,2297389,2947847,1127445,316321,316501,214833,52872,370723,549151,650458,285881,292025,72552
2017:Q3,pct99to100,23365823,24463001,3568888,717915,9820474,445388,1116115,4432697,4361523,1097177,699091,102300,295786
2017:Q3,pct80to99,44893266,51055523,11779727,1755717,11041807,7999607,5738537,4669780,8070347,6162257,4808871,1094568,258818
2017:Q3,pct60to80,13663848,17006432,4820991,1134438,1701123,4342922,1801631,753118,2452208,3342584,2246436,996567,99581
2017:Q3,pct40to60,7191903,9140651,3019366,775235,667086,2104107,659538,309625,1605694,1948748,1152290,756478,39980
2017:Q3,pct20to40,3958044,5082979,1973496,517912,312342,885747,175873,237749,979860,1124935,588929,501651,34355
2017:Q3,pct00to20,2394285,3045248,1183407,314935,331425,223164,53243,370639,568435,650963,287184,297619,66160
2017:Q4,pct99to100,24156289,25267299,3606953,708752,10411556,470939,1137778,4551270,4380051,1111009,703222,97264,310523
2017:Q4,pct80to99,45885970,52124121,11939777,1783161,11576522,8006573,5934751,4716119,8167219,6238152,4840335,1111695,286122
2017:Q4,pct60to80,13976778,17365393,4886219,1147199,1824379,4372848,1855767,773785,2505197,3388616,2263680,1026021,98915
2017:Q4,pct40to60,7333476,9315580,3054890,790402,702078,2142261,696826,319916,1609207,1982104,1161615,778114,42375
2017:Q4,pct20to40,4034427,5184222,2023843,521295,326945,890042,181748,238235,1002113,1149794,595462,520051,34281
2017:Q4,pct00to20,2508506,3152804,1234855,316827,351640,231605,53554,372166,592156,644297,288031,297640,58626
2018:Q1,pct99to100,24354430,25475527,3679994,706903,10399329,495679,1120159,4633698,4439765,1121098,706617,87071,327410
2018:Q1,pct80to99,46226748,52479513,12221101,1809166,11486519,8003262,5922807,4722578,8314081,6252766,4856412,1100011,296343
2018:Q1,pct60to80,14190187,17579330,4988840,1160697,1844427,4397619,1824155,787676,2575916,3389143,2269305,1021237,98601
2018:Q1,pct40to60,7446629,9442921,3111290,803075,703068,2178537,699163,322783,1625005,1996293,1166853,784836,44604
2018:Q1,pct20to40,4107814,5265833,2072878,527362,327214,893969,179658,237951,1026801,1158019,600832,521950,35237
2018:Q1,pct00to20,2614557,3260723,1295303,321677,359183,239697,54251,372225,618388,646166,288669,304771,52726
2018:Q2,pct99to100,24703054,25841359,3709808,702185,10593091,521138,1122028,4741054,4452056,1138306,712564,79993,345749
2018:Q2,pct80to99,46644284,52920225,12361737,1833543,11606468,8006062,6014862,4754096,8343456,6275941,4890134,1103305,282502
2018:Q2,pct60to80,14401402,17823884,5058758,1172636,1900459,4425656,1834859,806210,2625306,3422483,2286561,1036541,99381
2018:Q2,pct40to60,7551879,9578068,3173200,815676,715649,2216220,718926,330572,1607824,2026188,1178690,799441,48057
2018:Q2,pct20to40,4150276,5331433,2111790,531897,332346,898125,181521,238083,1037671,1181157,608112,534095,38950
2018:Q2,pct00to20,2724008,3369487,1346902,324963,371245,248069,54732,373125,650452,645479,290791,304800,49888
2018:Q3,pct99to100,25369787,26524087,3746877,696391,11099843,547491,1139945,4828655,4464885,1154300,718909,73972,361419
2018:Q3,pct80to99,47418251,53742328,12527533,1852528,12045132,8016994,6185162,4763395,8351583,6324077,4930341,1118619,275117
2018:Q3,pct60to80,14703869,18171726,5144011,1181237,2010984,4457981,1876831,821032,2679650,3467857,2308549,1061558,97750
2018:Q3,pct40to60,7656785,9718787,3218084,825961,745727,2255694,751198,334221,1587902,2062002,1192278,820840,48884
2018:Q3,pct20to40,4209576,5414903,2161840,534811,344788,902582,186269,237788,1046826,1205327,615881,550288,39158
2018:Q3,pct00to20,2846954,3493167,1402579,326790,390006,256793,54922,373211,688866,646213,293062,309288,43863
2018:Q4,pct99to100,23799382,24972850,3658004,685035,9572094,570390,1041480,4867063,4578783,1173467,723250,68293,381924
2018:Q4,pct80to99,45217505,51550286,12239791,1882571,10395650,7988661,5746260,4719800,8577552,6332781,4958348,1132182,242251
2018:Q4,pct60to80,14275189,17785272,5073655,1195002,1771189,4470333,1669720,826631,2778741,3510083,2322697,1088607,98779
2018:Q4,pct40to60,7512683,9608092,3198348,842905,662053,2287589,681898,327700,1607598,2095409,1200991,841450,52968
2018:Q4,pct20to40,4169520,5404754,2169616,537883,309583,905622,167891,236557,1077603,1235234,622187,568295,44752
2018:Q4,pct00to20,2881487,3526856,1411430,328209,366272,264081,56581,371460,728823,645368,294145,308216,43007
2019:Q1,pct99to100,25672057,26849933,3623983,697554,11134489,600244,1104812,4979454,4709397,1177876,725136,57898,394842
2019:Q1,pct80to99,47524663,53836984,12228661,1904082,11911718,8034991,6175443,4752696,8829392,6312320,4970825,1120231,221264
2019:Q1,pct60to80,14892306,18397934,5055330,1208978,2064979,4521000,1817620,846062,2883965,3505628,2326847,1083847,94934
2019:Q1,pct40to60,7746214,9848210,3188723,849879,751175,2334387,758833,336123,1629091,2101997,1203666,847671,50660
2019:Q1,pct20to40,4248982,5487380,2155342,548865,346722,911374,182620,236618,1105838,1238398,626668,569824,41906
2019:Q1,pct00to20,3004073,3647626,1427926,338574,407515,274221,56413,372297,770680,643553,293796,314999,34758
2019:Q2,pct99to100,26391761,27582001,3730256,696259,11524786,613429,1119565,5175888,4721819,1190241,728570,50569,411102
2019:Q2,pct80to99,48590830,54956648,12686868,1920475,12223589,8074665,6354183,4872015,8824853,6365818,5010422,1130350,225046
2019:Q2,pct60to80,15331904,18884161,5245937,1217037,2157095,4571495,1863719,881235,2947644,3552256,2351037,1106638,94581
2019:Q2,pct40to60,7927262,10059186,3289595,857802,774689,2375176,794495,361747,1605681,2131924,1213683,865028,53213
2019:Q2,pct20to40,4338871,5599344,2232877,553083,356353,918065,187895,238056,1113015,1260473,633279,583836,43358
2019:Q2,pct00to20,3174911,3813703,1516525,341942,424233,280845,56827,375950,817380,638791,293974,315685,29132
2019:Q3,pct99to100,26428234,27630232,3690629,676957,11471160,626153,1113482,5271884,4779966,1201998,733623,43745,424630
2019:Q3,pct80to99,48564171,54979487,12561050,1949970,12079502,8109412,6424409,4884949,8970195,6415316,5051678,1144783,218855
2019:Q3,pct60to80,15457563,19055271,5259861,1228771,2173271,4619453,1865008,897588,3011319,3597708,2374931,1130278,92499
2019:Q3,pct40to60,8027009,10191522,3355073,876437,773559,2414996,811973,366648,1592836,2164513,1225883,885465,53165
2019:Q3,pct20to40,4398925,5680285,2290249,552801,355693,924587,189032,237683,1130240,1281361,640565,598469,42327
2019:Q3,pct00to20,3275558,3914062,1572215,339787,431983,287281,57533,375995,849267,638503,295298,321408,21797
2019:Q4,pct99to100,27139338,28347559,3688555,672047,12149630,631015,1152402,5227220,4826690,1208222,741878,53575,412769
2019:Q4,pct80to99,50153973,56636120,12450867,1973761,13130064,8213310,6712451,4893646,9262021,6482147,5064976,1179600,237571
2019:Q4,pct60to80,15684897,19323237,5253866,1240204,2279794,4644322,1951998,906162,3046891,3638340,2399801,1145180,93359
2019:Q4,pct40to60,8242876,10433578,3368819,886926,861266,2423459,834415,401184,1657509,2190702,1245423,888999,56280
2019:Q4,pct20to40,4488509,5775213,2282776,555570,369198,966189,201016,245479,1154985,1286704,642378,602492,41834
2019:Q4,pct00to20,3255198,3898760,1526961,342835,464038,284429,60421,385111,834965,643562,296864,322346,24352
2020:Q1,pct99to100,24238582,25451677,3811166,668813,9048576,626783,1010834,5236466,5049039,1213095,749264,56094,407737
2020:Q1,pct80to99,47638888,54149255,12857584,1992876,10286124,8216804,6039882,4958598,9797387,6510367,5065666,1169925,274776
2020:Q1,pct60to80,15114372,18733777,5427925,1249310,1733616,4617827,1651700,924859,3128540,3619405,2415540,1106495,97370
2020:Q1,pct40to60,8224265,10416611,3503266,894780,733582,2412184,698269,446870,1727660,2192345,1261412,867473,63460
2020:Q1,pct20to40,4552111,5819939,2347433,558004,294466,1004257,176784,254190,1184805,1267829,643130,579256,45443
2020:Q1,pct00to20,3228524,3890394,1562839,345753,414810,277815,65226,396082,827869,661870,298082,333875,29913
2020:Q2,pct99to100,26426074,27638514,3865979,662813,10966066,628773,1117560,5211297,5186026,1212440,758463,60444,393533
2020:Q2,pct80to99,51418707,57930355,13055260,1994827,12589431,8289314,6710272,4987565,10303686,6511648,5076931,1168209,266508
2020:Q2,pct60to80,15875186,19491637,5551066,1247936,2055898,4626547,1893216,937057,3179916,3616451,2437957,1082192,96302
2020:Q2,pct40to60,8726572,10922727,3619342,895072,888966,2414457,786160,485291,1833438,2196155,1281681,850656,63818
2020:Q2,pct20to40,4771419,6023684,2391998,555583,337520,1044867,203416,262301,1227999,1252265,645159,564075,43031
2020:Q2,pct00to20,3267455,3936223,1579008,344384,473191,273768,67699,405852,792320,668768,300377,336890,31501
2020:Q3,pct99to100,27550317,28768720,4013782,670252,11895841,629088,1161558,5305522,5092676,1218402,773622,68836,375944
2020:Q3,pct80to99,53707293,60363960,13554905,2059409,13871792,8343533,7048270,5141902,10344149,6656667,5122587,1195968,338112
2020:Q3,pct60to80,16394705,20059071,5776507,1285537,2207627,4625845,2001728,971921,3189906,3664365,2481946,1086485,95934
2020:Q3,pct40to60,9127474,11359659,3791482,922253,987578,2413118,819707,549094,1876427,2232184,1315872,850697,65615
2020:Q3,pct20to40,4960727,6212675,2470188,572204,357500,1084916,217580,272558,1237728,1251948,651368,562638,37942
2020:Q3,pct00to20,3366346,4043896,1629277,359976,510097,269022,70773,419875,784876,677551,306223,342995,28333
2020:Q4,pct99to100,29958672,31191614,4153563,676472,13858222,635466,1246450,5386205,5235236,1232942,791362,78913,362667
2020:Q4,pct80to99,57575473,64385441,13977456,2118280,16222292,8464876,7576817,5282496,10743224,6809969,5156225,1220908,432836
2020:Q4,pct60to80,17259095,20962068,5979151,1319582,2538162,4659539,2183528,1004338,3277767,3702973,2513192,1091925,97856
2020:Q4,pct40to60,9674136,11945599,3964689,947074,1145869,2425055,881770,610349,1970793,2271463,1350276,850831,70356
2020:Q4,pct20to40,5185839,6444158,2538605,587021,401832,1127307,238554,282614,1268225,1258319,657851,565362,35106
2020:Q4,pct00to20,3494048,4175810,1673683,373845,569935,266801,73249,433472,784825,681762,314289,341088,26385
2021:Q1,pct99to100,31347091,32588483,4356093,689351,14950497,637995,1270531,5452930,5231085,1241392,805756,84984,350652
2021:Q1,pct80to99,60332549,67247114,14703398,2164217,17671931,8543973,7762695,5408808,10992092,6914566,5182508,1228831,503227
2021:Q1,pct60to80,17857164,21573070,6285984,1347602,2718587,4671531,2226330,1034202,3288834,3715906,2541967,1075176,98763
2021:Q1,pct40to60,10135096,12428755,4182873,964083,1253941,2428655,886151,668867,2044185,2293659,1379409,840915,73335
2021:Q1,pct20to40,5411447,6660955,2630706,601722,425872,1168323,246452,292461,1295419,1249508,662691,555028,31789
2021:Q1,pct00to20,3585162,4277407,1746789,388243,610811,262978,76105,446625,745857,692246,320076,347556,24614
2021:Q2,pct99to100,33189527,34472599,4722877,717966,16152193,641941,1322296,5705762,5209564,1283071,842656,102361,338054
2021:Q2,pct80to99,63890398,71094513,16018547,2282390,19234973,8638937,8120506,5732451,11066709,7204115,5355949,1311033,537133
2021:Q2,pct60to80,18703332,22608036,6842165,1420556,2918136,4691651,2339540,1099882,3296106,3904704,2666271,1139496,98937
2021:Q2,pct40to60,10715327,13124987,4552407,1012352,1368399,2435424,920739,768717,2066950,2409660,1464717,869261,75682
2021:Q2,pct20to40,5674483,6971263,2804973,638140,452558,1209931,261065,305698,1298897,1296780,684302,582896,29582
2021:Q2,pct00to20,3807198,4515884,1895898,421557,654228,259748,78991,466454,739008,708686,338798,345183,24705
2021:Q3,pct99to100,33753293,35051579,4937159,735363,16208957,642680,1308702,5965016,5253701,1298285,858617,110868,328800
2021:Q3,pct80to99,65497542,72854272,16738292,2370724,19605652,8698855,8137987,6064206,11238556,7356730,5435129,1349966,571635
2021:Q3,pct60to80,19088526,23081743,7173187,1473912,2920417,4693687,2318225,1167102,3335213,3993218,2737477,1155118,100623
2021:Q3,pct40to60,11120657,13580686,4800676,1049025,1415805,2435234,901272,871118,2107555,2460028,1507444,872939,79645
2021:Q3,pct20to40,5868082,7173723,2914847,663512,452601,1250476,263076,319051,1310161,1305641,692689,583664,29288
2021:Q3,pct00to20,3937464,4661006,1979632,444643,672364,255174,82446,486509,740238,723542,344378,352539,26625
2021:Q4,pct99to100,34722897,36044842,5015830,751994,16921835,647774,1352478,6088502,5266429,1321945,876394,121124,324427
2021:Q4,pct80to99,67497626,75006294,16951657,2465698,20657757,8807028,8424501,6252841,11446812,7508667,5519872,1393009,595786
2021:Q4,pct60to80,19481621,23576210,7306452,1530904,3036145,4720548,2400037,1208426,3373698,4094589,2811500,1178127,104962
2021:Q4,pct40to60,11499340,14017797,4950210,1089219,1501422,2444680,921669,943849,2166748,2518457,1553518,878217,86722
2021:Q4,pct20to40,6024081,7348513,2962552,689874,468042,1292657,274684,330060,1330643,1324431,702050,589092,33289
2021:Q4,pct00to20,4006059,4743501,2001256,468266,705065,252430,85133,501863,729487,737442,351156,353152,33134
2022:Q1,pct99to100,34188221,35516995,5374007,774782,15880703,626132,1283519,6201087,5376766,1328775,887903,125499,315373
2022:Q1,pct80to99,67859199,75494551,18191169,2565687,19867417,8621562,8101077,6430498,11717141,7635352,5605259,1419054,611039
2022:Q1,pct60to80,19611664,23793586,7828739,1592075,2849496,4595780,2242563,1247799,3437134,4181922,2894760,1181068,106094
2022:Q1,pct40to60,11832645,14389554,5305162,1130453,1481903,2395486,844894,1014517,2217139,2556909,1593861,873248,89800
2022:Q1,pct20to40,6247976,7570305,3129382,719691,442505,1325854,263647,340929,1348297,1322329,708982,580223,33124
2022:Q1,pct00to20,4154101,4906235,2137138,495147,697771,238398,88239,516901,732641,752133,353224,363127,35782
2022:Q2,pct99to100,31361661,32713910,5660334,775868,12758150,599549,1141932,6403098,5374978,1352249,908379,137624,306246
2022:Q2,pct80to99,65164283,72907861,19128556,2621956,16839486,8402167,7397021,6704165,11814509,7743577,5697916,1471078,574583
2022:Q2,pct60to80,19066333,23359203,8276749,1623481,2303073,4445179,1946920,1304648,3459153,4292869,2972886,1212976,107007
2022:Q2,pct40to60,11914330,14535888,5650441,1155712,1329543,2342781,713433,1106071,2237907,2621557,1644979,883655,92923
2022:Q2,pct20to40,6351600,7697705,3290587,731512,367597,1360661,239168,353404,1354777,1346105,719757,590712,35636
2022:Q2,pct00to20,4215726,4983083,2252791,505468,638456,221893,90858,535117,738499,767357,361798,363082,42477
2022:Q3,pct99to100,30146449,31522362,5395607,782851,11904123,579326,1089789,6328000,5442666,1375913,929839,149948,296126
2022:Q3,pct80to99,63434948,71293968,18317067,2682638,16188582,8254287,7155640,6682630,12013125,7859020,5762923,1514518,581579
2022:Q3,pct60to80,18542912,22909971,8120230,1658677,2148653,4330932,1830953,1307906,3512619,4367059,3025715,1233533,107811
2022:Q3,pct40to60,11849756,14528055,5669396,1181727,1312533,2304354,654144,1134314,2271587,2678299,1690426,892061,95812
2022:Q3,pct20to40,6352637,7716577,3264932,746620,346017,1398528,231654,361091,1367735,1363940,729455,598967,35518
2022:Q3,pct00to20,4126034,4908504,2154225,518978,631066,207990,92899,543745,759601,782471,371833,365261,45377
2022:Q4,pct99to100,30834247,32231904,5333276,790732,12599597,566906,1136637,6158125,5646631,1397657,943234,156576,297847
2022:Q4,pct80to99,64104228,71981226,18008341,2705035,16948739,8123420,7401709,6500935,12293046,7876998,5821100,1547057,508841
2022:Q4,pct60to80,18452139,22882906,7868772,1673108,2269280,4263350,1918574,1275076,3614746,4430767,3056064,1266473,108230
2022:Q4,pct40to60,11664541,14386766,5468320,1190896,1358967,2279996,688636,1094445,2305506,2722225,1715797,909780,96648
2022:Q4,pct20to40,6262322,7657419,3161010,754174,362774,1397955,240289,358630,1382587,1395096,737955,617038,40103
2022:Q4,pct00to20,4144560,4938100,2116133,525370,649714,202608,93340,538479,812457,793540,379942,361515,52083
2023:Q1,pct99to100,31914263,33324084,5366420,796956,13476364,573722,1191508,6089156,5829958,1409821,955720,158957,295144
2023:Q1,pct80to99,65801444,73677610,18115544,2740418,17904085,8204105,7727619,6426989,12558850,7876166,5840574,1542827,492765
2023:Q1,pct60to80,18925588,23344353,7916698,1694593,2421272,4305299,2040258,1261922,3704311,4418766,3053182,1260262,105322
2023:Q1,pct40to60,11831919,14565648,5497182,1206876,1417021,2298182,738916,1077532,2329939,2733730,1730257,910734,92739
2023:Q1,pct20to40,6339084,7738987,3183129,763632,383844,1403928,252292,358189,1393973,1399903,744116,619679,36108
2023:Q1,pct00to20,4236602,5032793,2130572,532871,672931,205384,94162,537060,859813,796191,388204,359526,48461
2023:Q2,pct99to100,33349430,34772868,5687058,806582,14365340,580825,1244599,6227463,5861001,1423438,966041,163776,293621
2023:Q2,pct80to99,68558845,76500687,19358217,2771480,18860393,8283450,8031779,6574683,12620685,7941841,5879713,1559941,502187
2023:Q2,pct60to80,19718054,24173707,8377092,1714435,2575055,4346417,2155869,1288888,3715952,4455653,3072102,1279164,104387
2023:Q2,pct40to60,12152698,14912808,5680264,1219776,1473873,2314557,786434,1109019,2328885,2760110,1748834,919680,91596
2023:Q2,pct20to40,6532017,7947882,3340890,773862,404977,1407125,263514,360940,1396575,1415865,750325,631324,34216
2023:Q2,pct00to20,4426006,5219757,2270568,541711,695261,208372,94582,542311,866953,793751,394725,352786,46240
2023:Q3,pct99to100,32819172,34255924,5750366,804738,13783345,571923,1220451,6255410,5869692,1436753,976860,166836,293057
2023:Q3,pct80to99,68042443,76068092,19592321,2774233,18235359,8185481,8025665,6604581,12650451,8025649,5928867,1567200,529582
2023:Q3,pct60to80,19640726,24134869,8467232,1715645,2474404,4295692,2167731,1294282,3719882,4494143,3100041,1289709,104393
2023:Q3,pct40to60,12126087,14910985,5715116,1221542,1436823,2294833,798681,1115604,2328386,2784898,1771141,922190,91567
2023:Q3,pct20to40,6544640,7972600,3376180,773748,391161,1404055,264896,361324,1401236,1427960,757176,637953,32831
2023:Q3,pct00to20,4448682,5238390,2299352,541469,680744,204598,95693,543152,873382,789709,401598,344057,44054
2023:Q4,pct99to100,34409052,35859972,5696040,812978,15276351,594970,1313737,6103768,6062129,1450921,985959,171328,293634
2023:Q4,pct80to99,70163320,78243528,19417570,2778557,19832999,8437897,8388031,6442522,12945952,8080208,5965909,1585948,528351
2023:Q4,pct60to80,20101888,24635096,8390722,1719861,2732454,4426348,2289886,1264842,3810983,4533208,3119132,1309556,104520
2023:Q4,pct40to60,12261575,15073760,5681751,1221681,1530927,2345235,839528,1080564,2374074,2812185,1788303,932256,91626
2023:Q4,pct20to40,6562402,8007575,3337326,777916,426496,1411227,276311,358706,1419593,1445173,762767,649421,32985
2023:Q4,pct00to20,4497076,5288399,2273141,545577,717417,214393,94499,537907,905465,791323,407330,339718,44275
2024:Q1,pct99to100,36116477,37574869,5833059,821956,16766254,600983,1387105,6045316,6120196,1458392,992496,169741,296155
2024:Q1,pct80to99,72841571,80970699,19953426,2804891,21427841,8509973,8793338,6379815,13101415,8129128,5982409,1574387,572332
2024:Q1,pct60to80,20790980,25313547,8588006,1736735,2989982,4463846,2443665,1253731,3837583,4522567,3121963,1294344,106260
2024:Q1,pct40to60,12535486,15354201,5762063,1232572,1624920,2361765,901683,1066081,2405117,2818714,1796437,928842,93435
2024:Q1,pct20to40,6710770,8154046,3402719,786597,461768,1417068,291166,358446,1436281,1443276,766421,644097,32758
2024:Q1,pct00to20,4590156,5389297,2332206,552808,754064,216824,94795,536852,901748,799141,411201,344952,42988
2024:Q2,pct99to100,36768687,38238305,6054749,824950,17102414,604666,1408387,6122710,6120429,1469618,1002087,172321,295210
2024:Q2,pct80to99,74230350,82429754,20814057,2816362,21791589,8554293,8922453,6462334,13068665,8199404,6025677,1582233,591494
2024:Q2,pct60to80,21239019,25792874,8905389,1743856,3048190,4486908,2492916,1268946,3846669,4553856,3144661,1303442,105753
2024:Q2,pct40to60,12695958,15536100,5881604,1237581,1646765,2371982,922092,1083178,2392899,2840142,1814627,932711,92804
2024:Q2,pct20to40,6827662,8281255,3512434,789921,469799,1420752,296000,360387,1431962,1453593,772629,650067,30897
2024:Q2,pct00to20,4724012,5521518,2430129,555399,762716,218310,95067,540308,919589,797505,416855,340080,40570
2024:Q3,pct99to100,38307795,39784922,6018320,828852,18401773,611097,1471074,6158317,6295490,1477127,1010403,173524,293200
2024:Q3,pct80to99,76123696,84384758,20666944,2832336,23169999,8627433,9263579,6500260,13324206,8261062,6070864,1596243,593955
2024:Q3,pct60to80,21640426,26231028,8853736,1753787,3272454,4524850,2624792,1275985,3925423,4590602,3171285,1314534,104783
2024:Q3,pct40to60,12851451,15717527,5867491,1244532,1726706,2387518,975359,1090885,2425036,2866076,1832480,941746,91850
2024:Q3,pct20to40,6865610,8328599,3495496,794628,500327,1424483,308583,361402,1443680,1462989,778395,655123,29471
2024:Q3,pct00to20,4765433,5572636,2413521,559246,793453,220989,95022,542056,948349,807203,421618,346594,38991
2024:Q4,pct99to100,38553749,40007637,5969677,834902,18602071,617595,1470512,6205423,6307457,1453888,1022026,169949,261913
2024:Q4,pct80to99,76392269,84675462,20459586,2868325,23386521,8701243,9234879,6550476,13474431,8283193,6114461,1570055,598677
2024:Q4,pct60to80,21691356,26256948,8784196,1775667,3307131,4563137,2609527,1285255,3932034,4565592,3191800,1286317,87475
2024:Q4,pct40to60,12924543,15783859,5848571,1260745,1739687,2403164,967441,1101254,2462996,2859316,1852970,929597,76749
2024:Q4,pct20to40,6915540,8357333,3476707,804361,505108,1428190,307142,362611,1473213,1441793,785392,643298,13103
2024:Q4,pct00to20,4761318,5559368,2392246,567188,798588,223698,94892,544196,938560,798050,428881,348843,20326
2025:Q1,pct99to100,38318425,39755630,6036412,859010,18191743,617564,1438597,6184350,6427954,1437205,1027304,169930,239971
2025:Q1,pct80to99,76370798,84664133,20778621,2904965,22980200,8714653,9069875,6527401,13688418,8293335,6139536,1574115,579684
2025:Q1,pct60to80,21738035,26302028,8883736,1801496,3237076,4570498,2537750,1281713,3989759,4563993,3201274,1286564,76155
2025:Q1,pct40to60,12960439,15824105,5891080,1273229,1719163,2410567,937670,1094117,2498279,2863665,1859834,933776,70055
2025:Q1,pct20to40,6955718,8397665,3487728,820808,496007,1436954,300763,363989,1491416,1441946,789216,644185,8545
2025:Q1,pct00to20,4803799,5603920,2415699,581614,791725,223409,95686,545715,950072,800122,430935,354737,14450
2025:Q2,pct99to100,40266977,41699659,6182483,876433,19816954,621290,1538523,6193680,6470296,1432682,1036813,172009,223860
2025:Q2,pct80to99,79329331,87712132,21347324,2965387,24717025,8767937,9613401,6536859,13764199,8382801,6190855,1584839,607107
2025:Q2,pct60to80,22503122,27097625,9094471,1839576,3517916,4598461,2744027,1284033,4019141,4594503,3228080,1296924,69499
2025:Q2,pct40to60,13266954,16151765,5980525,1298938,1821228,2425495,1020321,1094173,2511084,2884811,1877367,939485,67959
2025:Q2,pct20to40,7111110,8563544,3557714,839552,534429,1446075,320646,365762,1499366,1452435,796066,650079,6290
2025:Q2,pct00to20,4939797,5738366,2478197,597050,831420,224743,95898,548117,962941,798569,435561,352960,10048
2025:Q3,pct99to100,42175605,43614296,6137056,880210,21473230,625315,1614060,6313462,6570964,1438691,1046231,173262,219198
2025:Q3,pct80to99,81548401,90051058,21119502,3011263,26467845,8817983,10026800,6664588,13943077,8502657,6240285,1597954,664418
2025:Q3,pct60to80,22966411,27597856,9029185,1866556,3803617,4624547,2904659,1307568,4061724,4631445,3255677,1306975,68793
2025:Q3,pct40to60,13480057,16393465,5972651,1320654,1922114,2437536,1085188,1120693,2534629,2913408,1896293,948142,68973
2025:Q3,pct20to40,7179765,8641993,3550519,850180,573227,1451129,335965,368721,1512252,1462228,802590,655030,4608
2025:Q3,pct00to20,4978148,5784269,2459372,605125,869989,226335,95801,553409,974238,806121,440744,358963,6414
2025:Q4,pct99to100,42861961,44311101,6094959,881404,22069377,632655,1637142,6309288,6686276,1449140,1054026,176485,218629
2025:Q4,pct80to99,82278140,90891964,20904333,3059606,27088615,8896434,10123673,6660204,14159099,8613824,6281019,1616470,716335
2025:Q4,pct60to80,23110224,27786051,8967192,1894592,3906201,4665096,2941930,1306682,4104358,4675827,3280791,1325898,69138
2025:Q4,pct40to60,13550666,16492480,5956371,1343965,1956893,2452535,1098823,1120042,2563852,2941814,1913951,957976,69887
2025:Q4,pct20to40,7209214,8684684,3546723,860776,587017,1452178,339318,368408,1530264,1475470,807779,664410,3281
2025:Q4,pct00to20,4993256,5800582,2443845,613435,882948,229493,95281,552953,982627,807325,445643,358170,3512
2026:Q1,pct99to100,42584543,44039382,6195668,909158,21494597,635179,1598778,6404426,6801576,1454839,1058824,174597,221418
2026:Q1,pct80to99,82316020,90951668,21357722,3140144,26479857,8920730,9916085,6761991,14375139,8635648,6293920,1606719,735009
2026:Q1,pct60to80,23201193,27870677,9112194,1946790,3807023,4677570,2861311,1325040,4140749,4669484,3286353,1313192,69939
2026:Q1,pct40to60,13606826,16554474,5994139,1376537,1921692,2456238,1066419,1142491,2596958,2947648,1922458,955031,70159
2026:Q1,pct20to40,7264250,8736384,3577435,888839,573531,1450830,331643,369693,1544413,1472134,810271,658969,2894
2026:Q1,pct00to20,5036788,5853227,2486184,638333,869449,230632,95372,555783,977474,816439,449158,364523,2758
