Date,Category,Assets,Nonfinancial assets,Real estate,Consumer durables,Financial assets,Deposits,Money market fund shares,Debt securities,U.S. government and municipal securities,Corporate and foreign bonds,Loans (Assets),Other loans and advances (Assets),Mortgages,Corporate equities and mutual fund shares,Life insurance reserves,Annuities,DC pension entitlements,DB pension entitlements,Miscellaneous other equity,Miscellaneous assets,Liabilities,Loans (Liabilities),Home mortgages,Consumer credit,Depository institutions loans n.e.c.,Other loans and advances (Liabilities),Deferred and unpaid life insurance premiums,Net worth,Household count
1989:Q3,White,21048923,7637346,5993921,1643424,13411577,2702220,351813,1019340,848527,170813,290916,167462,123454,2011229,321870,279040,637492,2980135,2622251,195270,2587588,2573325,1831010,620287,4225,117803,14262,18461335,69591129
1989:Q3,Black,1010669,449361,338491,110870,561308,93538,5343,8460,7694,766,311,201,110,17098,15445,30043,24196,316289,38230,12356,183426,182737,103500,78235,134,868,689,827243,11845844
1989:Q3,Hispanic,624978,330306,263047,67259,294672,84593,806,4691,4618,73,23,22,1,14711,8735,9380,11585,94830,56152,9166,201786,201394,140736,46590,130,13940,391,423193,7359603
1989:Q3,Other,908194,372336,297710,74627,535858,76118,4680,13988,13085,904,2616,1177,1439,47406,14142,10368,11918,91075,252989,10556,179974,179341,135909,39095,44,4293,633,728220,4223525
1989:Q4,White,21407145,7732365,6073319,1659046,13674780,2742933,365385,1026472,850324,176148,309921,183990,125931,2067180,328984,289042,661782,3049573,2634896,198612,2640501,2625796,1866108,638342,4086,117260,14705,18766644,69605334
1989:Q4,Black,1040154,458890,341535,117355,581265,92001,5204,8697,7802,895,823,532,291,18420,17280,31167,27047,324869,42912,12844,192637,191829,108716,81758,128,1227,808,847517,11811814
1989:Q4,Hispanic,647367,340445,270990,69455,306922,85195,929,4657,4558,99,164,163,2,15320,9809,9716,12405,97777,61374,9575,208745,208305,146090,48893,129,13193,440,438622,7536400
1989:Q4,Other,950859,388200,308473,79727,562659,79919,5719,18114,16112,2002,3595,1979,1616,51184,15557,11115,13961,94848,257644,11004,185660,184965,139668,40293,47,4957,695,765199,4308690
1990:Q1,White,21459369,7772124,6081571,1690553,13687245,2743411,390628,1013224,843811,169413,343671,214876,128795,1950606,331778,299026,659644,3108351,2641737,205170,2689338,2675028,1923567,625411,5068,120983,14310,18770031,69665581
1990:Q1,Black,1058811,462171,342456,119715,596640,90124,5055,8957,7859,1097,2227,1740,486,18661,18745,32294,27051,332277,47459,13790,196179,195368,115608,77817,160,1784,811,862631,11791502
1990:Q1,Hispanic,660853,346470,273432,73038,314383,84122,1067,4565,4447,118,441,438,3,14857,10713,9993,12502,99784,66255,10084,214794,214336,151844,49841,165,12486,458,446059,7669355
1990:Q1,Other,979345,399202,315525,83677,580143,82813,6909,22519,18989,3530,4905,3139,1766,49387,16758,11828,15003,97530,260944,11546,190076,189358,144380,39251,66,5661,718,789269,4377331
1990:Q2,White,21735420,7844985,6141124,1703861,13890435,2747580,375219,1042184,868171,174013,350973,220074,130899,2017721,336158,318869,664617,3172627,2658360,206128,2743544,2729326,1972737,630372,4115,122102,14218,18991876,69769208
1990:Q2,Black,1083616,468776,342786,125990,614841,88338,4926,9386,8131,1255,2266,1593,674,20131,20349,34751,27859,340464,52439,13931,201904,201047,120356,78353,126,2212,856,881713,11784030
1990:Q2,Hispanic,672867,351010,276774,74236,321856,82558,1152,4482,4335,147,574,570,3,15339,11628,10579,12701,101359,71213,10270,218024,217540,155004,50815,136,11585,484,454842,7761191
1990:Q2,Other,1015797,412778,324479,88299,603019,85485,7658,27769,22852,4917,6074,4097,1978,53247,17986,12969,16321,100158,263537,11815,194140,193389,147820,39173,57,6339,751,821657,4430408
1990:Q3,White,21629345,7925157,6200862,1724295,13704188,2762273,396701,1072446,900068,172379,361883,228698,133185,1684657,339138,321666,647528,3229355,2678741,209799,2788565,2774478,2013920,640925,1780,117854,14087,18840779,69913556
1990:Q3,Black,1099022,473205,348497,124708,625817,86698,4776,9914,8459,1455,2518,1646,872,18942,21841,34927,26221,347867,57652,14459,208839,207943,125401,80104,52,2387,896,890183,11788526
1990:Q3,Hispanic,681396,356942,280532,76410,324454,80755,1280,4349,4175,173,751,747,4,13429,12447,10474,12260,102134,76041,10533,220599,220092,157686,51950,60,10396,507,460797,7814628
1990:Q3,Other,1033982,423576,332835,90741,610406,88050,8824,33764,27214,6550,7405,5229,2176,43965,19104,13269,16721,101884,265262,12157,197350,196570,150260,39323,26,6962,781,836631,4468877
1990:Q4,White,22074097,7926417,6184509,1741909,14147679,2803695,402195,1133135,933597,199538,384899,249812,135087,1884439,342474,331867,675627,3290058,2685959,213331,2834867,2820471,2046337,650493,1981,121660,14396,19239230,70095963
1990:Q4,Black,1122966,475108,349257,125851,647858,85347,4636,10319,8805,1514,3650,2582,1069,21409,23371,36105,29681,355867,62505,14967,216760,215764,131348,81418,57,2940,996,906205,11804113
1990:Q4,Hispanic,687944,357415,279699,77715,330530,79205,1382,4191,3960,230,1062,1058,5,14527,13221,10591,12916,102498,80199,10737,223665,223122,160421,53176,67,9458,543,464279,7832389
1990:Q4,Other,1062283,426498,332931,93567,635785,90781,9792,39720,31907,7814,9124,6716,2408,51836,20185,13875,18972,103478,265568,12453,199510,198682,151705,39305,31,7641,828,862773,4493698
1991:Q1,White,22517794,7950859,6190657,1760202,14566935,2816192,447655,1091700,882345,209355,391939,256275,135664,2183732,346014,336831,718768,3351122,2668374,214609,2854444,2840243,2078648,634808,3448,123339,14201,19663350,70313769
1991:Q1,Black,1148282,479242,347361,131881,669041,83750,4441,10262,8589,1673,3785,2541,1244,24561,24930,36591,34951,364030,66587,15153,217992,216964,136676,76792,101,3395,1028,930290,11829917
1991:Q1,Hispanic,688353,354174,275922,78251,334180,76515,1532,4019,3745,274,1263,1258,5,16072,13939,10463,13902,102377,83318,10779,224019,223461,161813,53135,118,8395,559,464334,7817195
1991:Q1,Other,1090048,430913,333463,97450,659135,92764,11240,42533,32990,9543,10829,8077,2751,63049,21216,14186,21853,104718,264133,12615,199223,198373,152555,37472,61,8285,850,890825,4505829
1991:Q2,White,22613758,8010725,6238748,1771977,14603033,2772729,425862,1119833,902132,217700,392779,255748,137031,2167741,351448,345498,730002,3416061,2664694,216386,2907007,2893076,2131805,635441,1041,124789,13931,19706751,70564313
1991:Q2,Black,1171063,484954,351420,133534,686109,81658,4340,10715,8861,1854,3381,1939,1442,25654,26660,37580,36641,372768,71301,15411,223292,222243,142131,76243,29,3841,1049,947770,11865064
1991:Q2,Hispanic,686083,353091,274830,78261,332992,72074,1586,3814,3495,319,1409,1405,5,15765,14654,10425,13998,101917,86550,10799,223417,222848,162447,53071,36,7295,569,462666,7771769
1991:Q2,Other,1109109,437738,337812,99926,671371,93557,11826,48543,37099,11444,12466,9437,3029,63656,22267,14628,23369,105856,262440,12761,200610,199744,154268,36551,19,8905,866,908499,4506228
1991:Q3,White,22938821,8089160,6297739,1791421,14849661,2759438,420883,1132530,931578,200952,403654,266564,137090,2315039,353515,352951,761458,3480528,2651413,218253,2949478,2935814,2162369,638304,855,134287,13664,19989342,70844934
1991:Q3,Black,1196865,489309,357542,131767,707556,79868,4215,11448,9207,2240,3833,2216,1618,27867,28121,38414,40734,381560,75815,15681,223773,222702,141370,76642,23,4666,1071,973092,11908676
1991:Q3,Hispanic,683705,351338,272373,78965,332367,68180,1654,3539,3205,334,1686,1681,5,16276,15188,10301,14550,101022,89192,10779,216405,215828,157276,52031,29,6492,577,467300,7698832
1991:Q3,Other,1134118,444058,342736,101322,690060,94597,12581,55744,41809,13935,14563,11147,3416,69571,23109,14967,25698,106620,259735,12875,199475,198596,153488,35523,17,9568,879,934642,4495853
1991:Q4,White,23549968,8158888,6356321,1802567,15391080,2773284,422708,1135852,939842,196011,423544,288985,134560,2723517,357574,361324,800807,3546538,2624375,221556,3023051,3009573,2213429,650016,1644,144484,13477,20526918,71152972
1991:Q4,Black,1227952,494696,361475,133222,733256,78339,4081,11974,9415,2559,5316,3576,1739,31780,29766,39379,45837,390638,79991,16157,230655,229550,145111,78868,44,5527,1105,997298,11959881
1991:Q4,Hispanic,679834,347051,268742,78309,332783,64784,1724,3282,2918,364,2104,2100,3,18048,15718,10172,15232,99794,91142,10784,213285,212699,155285,51650,57,5708,585,466549,7601106
1991:Q4,Other,1163315,447397,344048,103349,715919,95840,13386,61721,45446,16276,17209,13188,4021,84018,23972,15305,28302,107164,255985,13015,200239,199344,154055,35047,36,10206,894,963077,4475664
1992:Q1,White,23559618,8234150,6422603,1811547,15325468,2645456,443121,1159930,957508,202422,408986,276609,132378,2670728,361964,366615,799352,3637094,2607249,224973,3055507,3042154,2261958,635957,1926,142313,13353,20504111,71485767
1992:Q1,Black,1252178,502125,364366,137760,750052,75524,3914,12524,9696,2828,3653,1779,1873,32782,31455,39939,46193,402726,84694,16649,226322,225174,143860,75449,51,5814,1148,1025855,12017803
1992:Q1,Hispanic,665324,339459,262534,76925,325865,57830,1812,3012,2602,410,2168,2166,2,17331,16185,9903,14826,98951,93092,10755,203217,202623,148812,49277,66,4467,594,462107,7481313
1992:Q1,Other,1174059,451016,345044,105972,723043,94560,14404,68248,49612,18636,19401,14810,4591,82844,24783,15456,29143,109004,252071,13128,197982,197072,153646,32669,46,10711,910,976077,4446617
1992:Q2,White,23681567,8304355,6477409,1826946,15377212,2624749,423793,1136852,934326,202526,412869,282772,130096,2676318,364092,376907,812356,3722345,2598030,228902,3105463,3092196,2303038,637832,2461,148866,13267,20576104,71840656
1992:Q2,Black,1281528,509981,367944,142037,771547,73694,3817,12857,9690,3166,3647,1638,2009,34197,32972,41171,48297,413816,89864,17214,226618,225422,143153,75692,65,6512,1196,1054909,12081567
1992:Q2,Hispanic,657063,332289,256377,75912,324774,53475,1835,2818,2368,449,2448,2447,1,16870,16513,9776,14733,100616,94978,10712,194360,193759,142554,47548,84,3573,601,462703,7342176
1992:Q2,Other,1192914,454650,346323,108326,738264,94829,14836,72341,51144,21197,22077,16917,5160,83457,25436,15798,30529,117757,247974,13230,196001,195076,152498,31260,64,11254,925,996913,4409673
1992:Q3,White,24070738,8429694,6580996,1848698,15641044,2624665,414459,1144980,956381,188598,412018,284234,127784,2801442,370755,385844,841583,3807620,2604619,233059,3166950,3153726,2354466,647240,1467,150554,13223,20903788,72214981
1992:Q3,Black,1308476,511460,372928,138532,797016,72048,3703,13652,10019,3633,3117,968,2149,36407,34889,42227,52392,424975,95793,17813,233986,232734,148525,77185,37,6987,1251,1074491,12150298
1992:Q3,Hispanic,658386,333822,257942,75880,324565,49595,1864,2504,2036,468,2700,2700,0,16940,16908,9576,14977,101859,96996,10645,190890,190282,140682,47019,50,2531,608,467497,7186414
1992:Q3,Other,1221514,460736,352121,108615,760778,95242,15355,79419,55467,23951,24907,19184,5723,87787,26213,16036,32506,126026,243973,13313,195400,194459,152206,30489,41,11723,941,1026114,4365788
1992:Q4,White,24700177,8542301,6669674,1872627,16157876,2652520,398732,1148734,955673,193061,417675,291826,125849,3155371,376085,402724,867939,3887055,2614399,236641,3229212,3215966,2395319,665869,2100,152678,13246,21470965,72605829
1992:Q4,Black,1326468,516818,380145,136672,809650,72644,4177,13837,9876,3961,3351,1273,2079,38698,35683,43749,52844,434831,91723,18112,239788,238527,152593,79237,74,6623,1261,1086679,12222904
1992:Q4,Hispanic,661033,329982,254015,75967,331051,49557,2203,3027,2370,658,2262,2232,30,18312,18669,9858,19618,106221,90461,10862,190255,189602,139817,47407,72,2307,653,470778,7017104
1992:Q4,Other,1242346,456570,348368,108202,785776,99308,15151,78404,52769,25635,23067,17575,5492,99963,26904,18123,33692,144111,233694,13359,197321,196370,153174,32256,65,10875,950,1045025,4316070
1993:Q1,White,25011573,8584986,6707327,1877659,16426587,2582562,406123,1167420,936534,230886,437264,313162,124102,3281354,381213,413032,915334,3933203,2669485,239597,3246705,3233407,2414202,654538,3511,161156,13298,21764868,73009285
1993:Q1,Black,1342377,522562,377203,145359,819815,72375,4623,13605,9602,4003,4886,2875,2012,39574,36465,44388,55777,440732,89072,18318,234746,233472,152553,74207,165,6547,1274,1107632,12297422
1993:Q1,Hispanic,651647,317967,244498,73469,333680,47287,2558,3619,2697,922,2032,1973,58,18534,20288,9892,24288,109197,84971,11014,185257,184561,135718,46423,120,2299,696,466391,6838724
1993:Q1,Other,1250305,451205,341077,110128,799100,101678,15264,75912,48973,26939,21642,16398,5245,104472,27536,19828,35584,159482,224343,13361,195479,194519,152231,32094,120,10074,960,1054826,4262215
1993:Q2,White,25330524,8715810,6805885,1909925,16614714,2574227,396231,1151494,899277,252218,455595,333302,122293,3343620,387401,423930,936977,3980579,2722539,242120,3305732,3292376,2461245,664780,3207,163144,13356,22024792,73421184
1993:Q2,Black,1355138,528447,385093,143354,826692,72660,5097,13345,9198,4147,6159,4216,1943,40056,37336,45095,55636,446717,86136,18454,239940,238651,158310,73998,183,6160,1288,1115199,12371673
1993:Q2,Hispanic,656210,320557,246737,73820,335653,46340,2859,4151,2983,1169,1835,1750,85,18426,21811,9917,27986,111814,79395,11118,185035,184300,135518,46599,110,2074,735,471175,6656107
1993:Q2,Other,1259778,451719,342372,109347,808059,104870,15117,72525,44316,28209,20442,15439,5003,106760,28168,21479,36375,174333,214657,13333,196875,195906,153274,33284,117,9230,969,1062902,4206069
1993:Q3,White,25799873,8856070,6912361,1943709,16943803,2578249,392294,1145295,864460,280835,454815,334372,120443,3512887,394161,438176,963752,4030787,2787731,245656,3378701,3365284,2502821,684512,3731,174221,13417,22421171,73837360
1993:Q3,Black,1367789,533721,393780,139941,834068,73045,5568,12970,8811,4159,5672,3800,1871,41181,38250,46230,56077,452925,83422,18728,249162,247860,165592,75821,256,6191,1302,1118627,12443476
1993:Q3,Hispanic,656748,318800,244600,74200,337947,45636,3151,4635,3197,1438,1512,1401,111,18741,23236,10020,31443,114193,74141,11239,186481,185709,136131,47306,128,2144,772,470267,6474086
1993:Q3,Other,1273735,453495,345279,108217,820239,108152,15051,69207,40120,29088,19108,14340,4768,112146,28791,23209,37294,188823,205121,13336,198606,197629,153989,35029,147,8464,977,1075129,4149477
1993:Q4,White,26306337,8999485,7021528,1977957,17306852,2567025,400638,1199147,869385,329762,460524,341927,118597,3682050,401165,445048,981337,4077540,2844840,247538,3460229,3446747,2540878,719307,3778,182784,13482,22846108,74253648
1993:Q4,Black,1378672,540365,398448,141918,838307,73278,6035,12487,8719,3768,5771,3972,1799,42287,39175,46362,55422,458552,80184,18755,259069,257753,169865,81489,302,6097,1316,1119603,12510653
1993:Q4,Hispanic,654295,315500,241418,74082,338795,44646,3452,5135,3385,1750,1287,1152,135,19019,24576,9900,34412,116282,68800,11285,185636,184829,134696,47874,130,2130,806,468659,6297493
1993:Q4,Other,1285437,453640,345349,108291,831798,111166,15159,67035,38259,28776,18004,13466,4538,117332,29408,24557,37828,202710,195319,13279,200578,199592,154237,37499,159,7696,986,1084860,4094284
1994:Q1,White,26464753,9103139,7106362,1996777,17361615,2541478,413204,1270126,921724,348402,466458,349554,116904,3530058,405187,450851,987899,4126723,2919073,250557,3491921,3478360,2568049,719519,5224,185568,13562,22972832,74665881
1994:Q1,Black,1385249,545121,397597,147524,840129,73362,6504,12798,8955,3842,5875,4146,1729,41425,39836,46327,53475,464240,77354,18933,260525,259194,174393,78592,486,5722,1332,1124724,12571022
1994:Q1,Hispanic,645578,307470,234832,72638,338108,43456,3750,5607,3596,2011,1097,939,158,18022,25783,9758,36927,118336,64001,11370,184282,183442,133552,47767,179,1944,840,461296,6131160
1994:Q1,Other,1290046,452798,343579,109219,837248,114001,15326,68523,38807,29716,17007,12704,4303,112995,29918,25823,37951,216457,185977,13270,200101,199105,153961,37998,237,6909,995,1089945,4042335
1994:Q2,White,26713339,9235701,7206717,2028985,17477637,2497503,406612,1352399,985001,367398,465063,350000,115063,3448732,409900,452144,1015455,4174089,3002888,252852,3567629,3553979,2610363,747830,6895,188891,13649,23145710,75069894
1994:Q2,Black,1394950,551980,403140,148840,842970,73256,6989,13123,9225,3898,5425,3771,1654,40965,40534,45668,53921,469426,74668,18995,268102,266754,178020,82633,736,5365,1348,1126848,12622405
1994:Q2,Hispanic,645403,307378,234889,72489,338025,42051,4000,6098,3817,2281,887,707,180,17370,26979,9515,39691,120390,59605,11440,183084,182210,132124,48065,237,1785,874,462319,5979921
1994:Q2,Other,1300745,455017,345718,109300,845728,116686,15257,70415,39781,30634,16004,11915,4089,110941,30472,26876,38841,230004,176983,13250,202154,201148,154609,40052,338,6149,1006,1098591,3995476
1994:Q3,White,27136326,9372634,7304513,2068121,17763692,2500517,415540,1372120,995999,376121,465888,352701,113187,3518598,424158,459346,1055686,4225042,3070004,256792,3644791,3631061,2652480,781104,7288,190189,13730,23491535,75461521
1994:Q3,Black,1405445,555997,409544,146453,849448,73503,7467,13297,9138,4160,5174,3597,1577,41396,41999,45754,55762,474690,71127,19278,277038,275676,182136,87765,871,4903,1362,1128407,12662622
1994:Q3,Hispanic,645890,305491,232330,73161,340399,41666,4283,6564,4019,2546,722,520,202,17351,28387,9456,42601,122703,55078,11588,182811,181903,131414,48657,252,1579,908,463079,5848606
1994:Q3,Other,1315357,456033,347253,108780,859324,120198,15415,70464,38240,32224,15142,11255,3887,113422,31394,28188,40200,243821,167774,13307,204737,203719,155515,42426,379,5398,1018,1110620,3955551
1994:Q4,White,27444945,9464392,7367641,2096751,17980553,2497855,434881,1510181,1098772,411408,467425,356518,110907,3471329,427781,457976,1047329,4270036,3136003,259758,3747702,3733891,2694094,829304,9089,201404,13810,23697243,75836597
1994:Q4,Black,1406478,560571,415272,145299,845907,73642,7937,13385,9552,3833,5007,3519,1488,41079,42542,44682,52064,478842,67320,19406,289232,287857,185102,96632,1219,4904,1375,1117246,12689492
1994:Q4,Hispanic,649653,307842,234537,73305,341811,41353,4597,7150,4287,2863,588,364,224,16966,29614,9217,44558,125242,50786,11738,183087,182143,130612,49552,318,1662,944,466566,5742049
1994:Q4,Other,1323884,453128,344347,108781,870756,123883,15731,73023,40890,32134,14425,10698,3726,112796,32002,29161,39926,257662,158787,13359,208596,207564,156635,45680,509,4740,1033,1115288,3924406
1995:Q1,White,27957845,9549390,7418916,2130473,18408455,2519644,453615,1479042,1053433,425609,472035,362962,109073,3690914,437197,467792,1104403,4327812,3190579,265422,3775344,3761427,2717736,833606,10035,200050,13917,24182501,76190956
1995:Q1,Black,1415628,561860,415152,146708,853768,73906,8404,13085,9131,3954,5034,3625,1409,42340,43523,45028,55684,484024,62839,19902,288990,287599,187349,94461,1487,4303,1391,1126638,12700837
1995:Q1,Hispanic,658064,310363,236473,73890,347701,41681,4924,7661,4489,3172,487,240,246,17630,31060,9305,47858,128553,46517,12026,182772,181788,130152,49873,356,1407,984,475292,5665081
1995:Q1,Other,1344420,454286,344662,109625,890133,128232,16074,70489,36989,33500,13809,10266,3543,119950,32885,30669,42005,272679,149805,13538,209470,208419,157198,46607,599,4015,1051,1134950,3903885
1995:Q2,White,28583729,9661683,7501033,2160650,18922046,2556161,480468,1453926,1042714,411213,474054,366865,107189,3926864,449308,487675,1158740,4415118,3248707,271025,3847505,3833479,2754001,864177,11994,203308,14026,24736224,76520433
1995:Q2,Black,1424193,560821,421459,139362,863372,74196,8854,13656,8891,4765,4888,3561,1327,43634,44670,46620,58895,489317,58277,20367,298713,297307,193059,98373,1962,3913,1405,1125481,12694475
1995:Q2,Hispanic,665777,312654,237371,75284,353123,42513,5295,8196,4715,3481,387,117,270,18437,32710,9690,51290,129652,42576,12378,186705,185675,132541,51410,434,1291,1030,479072,5622536
1995:Q2,Other,1354058,457482,348445,109036,896576,133206,16554,72039,34863,37176,13238,9863,3375,127873,33956,32697,44100,267957,141199,13757,213584,212512,159236,49167,771,3338,1072,1140473,3895834
1995:Q3,White,29094987,9599800,7414943,2184857,19495187,2548167,492063,1476067,1036036,440031,475105,369811,105294,4226539,455337,500578,1230253,4497424,3323240,270413,3940530,3926401,2796501,900481,13767,215653,14129,25154456,76820861
1995:Q3,Black,1421488,551193,417054,134139,870295,74036,9309,13193,8667,4526,4685,3442,1243,45227,45254,47242,63881,493359,54177,19932,308480,307062,196827,103822,2465,3948,1418,1113008,12668228
1995:Q3,Hispanic,677043,316546,239836,76709,360498,42897,5672,8844,4966,3877,296,0,296,19587,34453,9971,55363,131573,39222,12620,191011,189928,134915,53072,513,1429,1082,486032,5619246
1995:Q3,Other,1354915,450623,341304,109319,904292,138180,16922,70886,33105,37782,12734,9515,3219,138023,34951,34547,46939,263992,133293,13824,219109,218011,162095,52224,953,2740,1098,1135806,3902099
1995:Q4,White,29844264,9686462,7477688,2208775,20157802,2563846,517426,1541529,1038447,503081,493622,390264,103358,4547801,465713,510600,1291002,4592382,3360285,273596,4019045,4004694,2822549,950641,19111,212393,14351,25825219,77089329
1995:Q4,Black,1437990,557932,423194,134737,880058,77230,9178,12247,8793,3453,5208,3947,1261,52399,47383,45841,68013,486767,55527,20264,317575,316104,200682,108953,3181,3288,1471,1120415,12621003
1995:Q4,Hispanic,694404,318116,240943,77173,376288,47763,6327,8449,4844,3605,307,33,275,23666,33535,11429,55032,135342,41848,12590,192051,191003,133993,54687,836,1486,1048,502353,5658283
1995:Q4,Other,1345951,456044,347423,108621,889907,134017,16811,61517,31016,30501,12936,9597,3339,141888,33574,33221,51431,251869,138870,13774,223788,222735,163283,53879,1302,4271,1052,1122164,3923785
1996:Q1,White,30398364,9809285,7571719,2237566,20589079,2615422,568515,1510721,993465,517256,502972,401685,101287,4712726,471063,520933,1348715,4681906,3381585,274521,4079645,4065090,2868970,951309,13704,231107,14555,26318719,77327942
1996:Q1,Black,1446901,560955,423230,137725,885946,80494,8951,12238,8632,3606,5142,3866,1275,58413,49030,44463,71748,479030,56175,20263,316648,315129,207556,101949,1968,3655,1519,1130253,12556058
1996:Q1,Hispanic,714823,320913,242619,78295,393909,53536,7101,8002,4676,3327,277,23,254,27364,32724,12991,54862,140018,44459,12575,195701,194681,135911,55921,692,2156,1020,519122,5735688
1996:Q1,Other,1338609,461952,353094,108857,876657,130942,16953,54847,27459,27389,13005,9522,3483,142089,32129,32031,56156,240201,144605,13698,227300,226291,166422,53027,848,5994,1009,1111308,3959042
1996:Q2,White,30922252,9920392,7663561,2256830,21001861,2606344,557339,1589153,1042638,546515,497466,398370,99096,4898962,479682,529572,1385018,4770067,3412643,275615,4162666,4147896,2915125,982343,18821,231608,14769,26759587,77540060
1996:Q2,Black,1451071,563393,429205,134188,887677,83053,8842,12396,9002,3394,4043,2756,1287,64331,50873,42877,73041,470786,57161,20273,320473,318905,210622,102611,2501,3172,1567,1130598,12477735
1996:Q2,Hispanic,738741,325895,246091,79804,412846,58586,7851,7778,4693,3085,234,0,234,31353,32131,14620,54455,145589,47613,12635,198680,197683,136646,57609,1072,2356,996,540062,5845739
1996:Q2,Other,1336489,469944,361951,107994,866545,127511,16503,50422,27183,23239,12864,9214,3649,143418,30857,30854,60485,228874,151093,13665,233603,232634,169815,54015,1156,7648,969,1102886,4005282
1996:Q3,White,31264359,10029410,7747348,2282062,21234949,2619751,578001,1596283,1072593,523690,495499,398654,96845,4908475,493902,536479,1432381,4856140,3439551,278489,4243626,4228649,2963833,1012219,20976,231619,14978,27020733,77729042
1996:Q3,Black,1455537,565320,432004,133316,890216,85617,8638,13630,9253,4377,3115,1818,1297,68937,53098,41104,75506,462111,57944,20517,323404,321791,213619,102981,2520,2670,1613,1132133,12390380
1996:Q3,Hispanic,771994,338147,256283,81865,433846,64361,8741,7494,4686,2808,214,0,214,34886,31763,16318,54328,151942,50992,12808,202543,201567,138109,59564,1333,2561,976,569451,5982716
1996:Q3,Other,1338080,480391,372458,107933,857690,124716,16343,49444,26214,23230,12776,8944,3832,140208,29812,29656,65519,217577,157917,13720,240427,239497,173800,55083,1252,9362,930,1097653,4059916
1996:Q4,White,31966383,10117801,7819175,2298626,21848582,2614224,607223,1624789,1104929,519860,529683,435090,94593,5139222,508996,510578,1603063,4926394,3503722,280688,4323795,4308614,3003773,1049988,16579,238274,15181,27642588,77898247
1996:Q4,Black,1470963,565980,429057,136923,904983,87855,8386,14398,9515,4883,4712,3405,1307,74749,55339,35513,91647,451589,60130,20664,327751,326094,216899,105015,1700,2480,1657,1143212,12298338
1996:Q4,Hispanic,807053,347919,264559,83361,459134,70107,9727,7238,4684,2554,193,0,193,39536,31482,17207,56440,158692,55512,12999,207526,206570,140273,62149,1170,2977,957,599527,6140899
1996:Q4,Other,1343320,485334,376314,109020,857986,121854,16228,47021,25240,21781,13166,9140,4026,143494,28809,27091,75157,205345,166050,13770,247394,246504,177686,56726,914,11179,890,1095925,4120355
1997:Q1,White,32189647,10204655,7881951,2322704,21984992,2618157,647206,1480078,1040058,440021,519334,427215,92119,5187592,520264,521358,1612521,5013566,3581499,283417,4354774,4339491,3034259,1038706,23156,243370,15284,27834873,78051035
1997:Q1,Black,1468642,563914,425065,138849,904728,90055,8074,16094,9198,6896,3071,1758,1313,79239,57253,34348,89832,443104,62777,20880,319764,318077,217206,96434,2215,2222,1687,1148878,12205952
1997:Q1,Hispanic,841366,357444,271784,85660,483923,76314,10806,6803,4589,2214,171,0,171,43663,31142,19202,55582,166366,60637,13236,210451,209516,140950,63404,1788,3375,936,630915,6314569
1997:Q1,Other,1347789,494619,384788,109832,853169,119245,16154,47483,21560,25923,12915,8669,4246,141799,27655,26082,79482,193684,174821,13847,251854,251008,181034,55631,1293,13049,846,1095935,4184011
1997:Q2,White,33507131,10323151,7987460,2335691,23183980,2628820,638538,1494094,1032646,461447,533157,443077,90080,5977194,536704,555613,1782578,5114082,3636925,286274,4430900,4415507,3076353,1060553,26252,252350,15393,29076231,78190765
1997:Q2,Black,1494685,563601,429280,134321,931083,92237,7938,16016,9215,6801,3154,1823,1331,88453,59553,35892,105816,436356,64551,21118,321124,319406,219752,95240,2270,2145,1718,1173561,12117568
1997:Q2,Hispanic,887513,370348,282432,87917,517165,82900,11925,6546,4559,1986,148,0,148,51347,30910,22023,57589,174779,65506,13493,216014,215100,143189,65791,2206,3914,913,671499,6498004
1997:Q2,Other,1375877,505034,395997,109036,870843,116773,15643,42197,19542,22655,12886,8449,4437,161513,26652,26044,89689,182308,183210,13930,258987,258186,185293,56455,1444,14994,801,1116891,4248294
1997:Q3,White,34499601,10440491,8081626,2358865,24059110,2647661,665846,1510267,1019381,490887,534944,446800,88145,6441361,552874,580813,1922022,5209436,3703018,290867,4528560,4513050,3145064,1085161,15365,267460,15510,29971041,78320797
1997:Q3,Black,1512604,562660,430891,131769,949944,94465,7656,15766,9194,6572,2239,887,1352,95513,61842,36402,118377,429374,66718,21592,325167,323417,225354,94692,1029,2342,1750,1187437,12037529
1997:Q3,Hispanic,934545,384882,294130,90752,549664,89851,13150,6283,4521,1762,123,0,123,57927,30633,24707,58932,183410,70830,13817,223039,222150,147574,68498,1407,4671,889,711506,6685485
1997:Q3,Other,1392248,515280,406672,108609,876968,114397,15355,36208,17401,18807,12613,7990,4623,172076,25586,25579,99046,170094,191948,14066,267250,266496,191289,57453,739,17015,754,1124999,4310616
1997:Q4,White,35070766,10563703,8185856,2377847,24507064,2682193,695367,1543792,1074660,469132,552282,466459,85823,6571668,561016,579523,1925232,5289292,3815794,290903,4608980,4593345,3180651,1118453,25058,269182,15635,30461786,78444489
1997:Q4,Black,1516918,566001,428520,137481,950917,96872,7356,16915,9628,7287,2571,1203,1367,100438,63570,33988,116005,421129,70582,21491,325667,323882,223979,96337,1618,1948,1785,1191251,11970180
1997:Q4,Hispanic,974371,395958,303390,92567,578414,97280,14439,6021,4547,1473,95,0,95,63173,30085,26626,57424,191866,77443,13962,225981,225118,147032,70592,2457,5037,863,748391,6871291
1997:Q4,Other,1394449,522589,412522,110066,871860,112187,15011,35333,16677,18656,12474,7631,4843,172844,24147,23949,103689,156331,201876,14019,274441,273736,194697,58782,1258,18998,705,1120008,4368388
1998:Q1,White,36615677,10728289,8329188,2399101,25887388,2667841,754502,1548767,1029881,518886,574803,491453,83349,7491600,573068,611044,2109721,5413766,3849440,292836,4656115,4640454,3230111,1106342,27522,276479,15660,31959563,78565202
1998:Q1,Black,1549353,567174,430813,136361,982178,98807,6914,16153,9415,6738,3394,2012,1382,110504,65666,35274,133674,418480,71648,21664,318801,316991,224899,88716,1571,1804,1810,1230551,11919865
1998:Q1,Hispanic,1024089,410301,315255,95046,613788,103635,15767,5720,4468,1252,66,0,66,72435,29531,29690,59274,201306,82211,14153,228501,227671,147637,71561,2882,5591,830,795588,7049702
1998:Q1,Other,1423205,533967,424414,109553,889238,108991,14808,27177,13860,13317,12298,7223,5075,196727,22772,23627,114819,144498,209507,14015,279246,278598,198797,57423,1353,21024,649,1143959,4419021
1998:Q2,White,37355563,10956899,8533361,2423537,26398665,2656197,767926,1673736,1081916,591820,586872,506070,80801,7643430,584566,632414,2121356,5513343,3925702,293124,4763080,4747106,3293096,1143148,25348,285514,15973,32592484,78686294
1998:Q2,Black,1565223,575255,437774,137480,989968,100853,6680,15658,9864,5794,3303,1905,1398,115807,67826,35487,132570,415799,74323,21661,327239,325365,231352,91085,1188,1739,1874,1237984,11890929
1998:Q2,Hispanic,1069353,424754,327368,97385,644599,109920,17137,5492,4456,1036,34,0,34,78058,28841,32459,57313,213082,88020,14244,235984,235183,151535,74612,2823,6213,801,833369,7214998
1998:Q2,Other,1440630,548846,439541,109305,891784,105623,14178,18851,12782,6070,11873,6564,5309,197598,21285,22805,119712,148024,217921,13914,287441,286839,203719,58898,1170,23051,602,1153189,4459928
1998:Q3,White,36845624,11183741,8725101,2458640,25661883,2651473,837131,1753970,1181044,572926,621204,542801,78404,6775300,588140,622019,1956925,5591194,3968623,295905,4854247,4838627,3356487,1171879,28056,282204,15620,31991377,78811125
1998:Q3,Black,1543428,573534,443057,130477,969894,103117,6177,17153,10640,6513,5375,3952,1422,114453,69545,32329,112155,411618,75948,22022,333417,331558,237246,92034,1143,1136,1858,1210011,11887716
1998:Q3,Hispanic,1113822,451604,350542,101062,662218,116131,18476,5124,4397,727,0,0,0,78135,27795,34067,51168,224051,92882,14388,241919,241172,154371,77084,3294,6423,747,871903,7361459
1998:Q3,Other,1417225,557107,450556,106551,860118,102124,13878,18025,12207,5818,11572,6049,5523,167623,19393,20599,118283,149850,224907,13865,294555,294030,208052,59721,1266,24992,525,1122670,4488517
1998:Q4,White,38837510,11408656,8925806,2482850,27428854,2757357,894264,1665917,1169575,496342,618366,538285,80080,8005126,615236,655795,2235045,5688475,3996437,296837,4963948,4949244,3431840,1198589,32622,286194,14704,33873562,78942165
1998:Q4,Black,1606368,590740,449055,141685,1015628,104174,6475,18074,10561,7512,3402,2096,1306,116999,70632,37031,139933,425056,72423,21430,349814,348104,245026,99968,1499,1610,1711,1256554,11913398
1998:Q4,Hispanic,1142632,463529,361568,101961,679103,115458,17454,5294,4379,914,2,0,2,84123,28392,35450,59784,228158,90554,14436,253062,252348,162714,80118,3567,5948,713,889571,7484960
1998:Q4,Other,1489302,563647,456380,107267,925655,104936,15401,21556,12103,9452,10945,5410,5535,205327,20467,22576,125341,159544,225573,13991,296861,296373,209009,62597,1638,23128,488,1192441,4503098
1999:Q1,White,39210972,11612197,9103015,2509182,27598775,2743167,950876,1637850,1092856,544995,617098,535124,81974,8038161,626843,663188,2300790,5763754,3959523,297525,5030293,5014491,3496373,1194747,30709,292662,15802,34180679,79078319
1999:Q1,Black,1621995,601739,458425,143314,1020256,104038,6799,16708,10056,6653,1675,475,1201,112117,70735,38964,144479,437025,66866,20850,360036,358217,252578,102009,1437,2193,1818,1261959,11966454
1999:Q1,Hispanic,1148710,472188,368502,103686,676523,111289,16478,5521,4328,1193,3,0,3,83530,28477,35762,63683,231096,86256,14427,261545,260806,170074,82095,3110,5527,739,887166,7587758
1999:Q1,Other,1493928,564483,459396,105088,929445,105372,16854,15521,11014,4507,10323,4805,5518,206828,20872,23411,124851,167486,223856,14070,295530,294996,208612,63547,1613,21223,534,1198398,4505558
1999:Q2,White,40344845,11896159,9353301,2542858,28448687,2716604,930879,1547996,1035825,512170,617690,534202,83488,8693202,644793,683310,2414451,5847563,4053284,298916,5150686,5134784,3573574,1212443,32325,316442,15902,35194160,79217606
1999:Q2,Black,1668449,621732,469456,152276,1046717,103964,7448,16590,9675,6915,1091,0,1091,111915,71448,42393,154458,450911,66104,20394,378388,376583,262743,108686,1619,3534,1805,1290062,12044190
1999:Q2,Hispanic,1159638,478743,373693,105051,680894,106435,15478,5597,4243,1354,5,0,5,86344,28670,36467,68521,233713,85254,14411,272969,272238,178768,84783,2999,5688,731,886669,7673707
1999:Q2,Other,1533321,571695,467034,104661,961626,105372,17622,15315,10239,5076,9780,4255,5526,226190,21481,24720,126086,175556,225358,14146,296021,295483,208607,65669,1812,19396,538,1237301,4498682
1999:Q3,White,40391446,12196414,9611538,2584876,28195032,2744961,963174,1500902,1006202,494700,638227,552893,85334,8251308,648344,666876,2344699,5908208,4223570,304762,5275347,5259378,3670626,1238768,27681,322303,15969,35116098,79358043
1999:Q3,Black,1683496,638557,482835,155723,1044939,104744,7893,16444,9497,6948,992,0,992,104758,71212,41859,145155,463138,68201,20544,398530,396739,273610,117656,1365,4108,1791,1284966,12143913
1999:Q3,Hispanic,1167413,492278,384812,107466,675135,102681,14526,5668,4163,1505,6,0,6,82887,28397,35740,69063,235351,86260,14555,283153,282431,187586,87299,2336,5210,721,884260,7746660
1999:Q3,Other,1529881,576624,473986,102638,953257,106185,18747,14514,9851,4663,9466,3965,5502,212790,21489,24473,120451,181946,228830,14366,297184,296646,209437,68172,1579,17458,539,1232697,4485254
1999:Q4,White,42819740,12448932,9832898,2616035,30370808,2825550,1057433,1329132,1052784,276348,680958,593994,86963,9837221,695109,726909,2561813,6020755,4277931,357997,5422015,5405365,3747947,1266656,26681,364081,16650,37397725,79497647
1999:Q4,Black,1772256,659381,494613,164768,1112876,106327,8138,17471,9909,7562,2892,2001,891,111563,74350,50011,166728,482109,66374,26913,414832,412976,277349,128001,1362,6263,1856,1357424,12262930
1999:Q4,Hispanic,1194857,502693,394292,108401,692164,100010,13684,5354,4170,1184,8,0,8,91034,29334,37837,76097,238001,84094,16711,287699,286970,190567,88390,2023,5990,730,907158,7810469
1999:Q4,Other,1606990,576092,474203,101890,1030897,107817,20356,22342,10473,11870,9456,3962,5494,258461,23162,27361,125607,191156,228848,16330,296901,296337,208400,70574,1582,15780,565,1310088,4468058
2000:Q1,White,43910227,12851044,10187336,2663708,31059183,2872567,1121053,1192167,970849,221318,688071,601000,87070,10348339,711592,749382,2657104,6104728,4251334,362847,5518695,5502634,3810906,1262661,28123,400944,16061,38391532,79634434
2000:Q1,Black,1818980,680398,507801,172596,1138583,107654,8523,16204,9347,6857,2144,1385,759,111444,75316,54108,175612,498740,61795,27043,421741,419979,278138,132076,1530,8235,1762,1397240,12398546
2000:Q1,Hispanic,1204857,513018,402309,110709,691839,96338,12846,5118,4021,1097,9,0,9,93077,29377,38501,80300,239783,79692,16799,288044,287347,190888,87973,1889,6597,697,916813,7868987
2000:Q1,Other,1646560,594057,493152,100905,1052503,108833,21686,20353,9390,10963,9173,3567,5606,272315,23637,28678,126291,198569,226483,16484,293734,293196,206280,71056,1753,14108,538,1352826,4449880
2000:Q2,White,43997580,13302119,10592333,2709786,30695462,2877445,1093416,1165529,920274,245255,671556,584422,87134,9857780,715572,746713,2620282,6170129,4407548,369492,5626637,5610388,3905385,1294021,25244,385737,16250,38370943,79766422
2000:Q2,Black,1856760,710778,528926,181852,1145982,108600,9223,15773,9013,6760,628,0,628,105007,75401,55402,170675,514058,63779,27437,443253,441484,288198,143948,1390,7948,1769,1413507,12548068
2000:Q2,Hispanic,1208458,523396,410613,112783,685062,91530,11906,5134,3892,1243,9,0,9,89480,29044,38220,81361,241054,80362,16961,295390,294701,197902,89967,1482,5350,689,913068,7926068
2000:Q2,Other,1649285,607995,507707,100288,1041290,109167,22200,18096,8758,9338,8650,2931,5719,257129,23635,28960,122182,204934,229627,16710,294674,294130,206611,73834,1611,12074,544,1354612,4433504
2000:Q3,White,44656123,13703201,10952824,2750377,30952921,2883978,1140768,1135672,882688,252984,685899,598755,87144,9762604,726868,761444,2643006,6245453,4590682,376548,5770041,5753887,4000486,1337952,20242,395207,16154,38886081,79891628
2000:Q3,Black,1904537,734795,550189,184605,1169742,109666,9696,15345,8778,6568,496,0,496,101321,76113,58825,172305,531246,66816,27913,469269,467530,298135,159527,1103,8765,1739,1435268,12708803
2000:Q3,Hispanic,1217570,533412,418261,115151,684158,86717,11106,5110,3778,1332,10,0,10,88175,28931,38603,83827,242660,81870,17149,303489,302818,204679,92144,1019,4975,671,914081,7985565
2000:Q3,Other,1667115,618111,520069,98042,1049004,109650,23377,16335,8314,8020,8508,2669,5839,253752,23940,29985,120537,212043,233910,16967,296698,296159,207146,77449,1308,10256,538,1370417,4421713
2000:Q4,White,44220528,14096921,11307656,2789265,30123607,2975657,1226307,1243763,952102,291661,735845,648678,87168,8594048,729745,742748,2524108,6298571,4674361,378452,5861544,5844693,4076892,1387596,24496,355709,16852,38358984,80008070
2000:Q4,Black,1930192,765547,568074,197473,1164646,111866,10078,16065,9455,6609,2163,1798,365,90377,76205,58339,158950,546503,66391,27709,496965,495149,309316,176975,1464,7394,1815,1433228,12878056
2000:Q4,Hispanic,1211059,539869,423332,116538,671189,83948,10396,5413,3878,1535,11,0,11,80448,28585,37759,82868,243892,80742,17125,311749,311069,212132,95087,1027,2824,680,899309,8051329
2000:Q4,Other,1653351,633514,535034,98480,1019837,111787,24936,15501,9183,6318,8773,2808,5964,220320,23962,29677,113882,218242,235691,17065,298825,298259,206887,81609,1679,8083,566,1354526,4417293
2001:Q1,White,44072177,14755607,11932026,2823582,29316570,3156000,1355877,1173008,790935,382073,722025,633167,88858,7658311,743679,729265,2306867,6371835,4716023,383680,5895399,5879205,4145037,1387174,14682,332313,16194,38176778,80113763
2001:Q1,Black,1956958,807317,600446,206871,1149641,115205,10355,14830,8135,6695,268,0,268,80858,77206,58490,135275,564690,64499,27964,511380,509669,319285,182827,827,6730,1711,1445579,13053135
2001:Q1,Hispanic,1214883,555510,437405,118105,659373,83297,9777,5429,3505,1924,12,0,12,73884,28602,37150,79400,245971,78581,17270,317879,317234,218784,96727,496,1228,645,897004,8127216
2001:Q1,Other,1659889,666049,567858,98191,993840,115685,26967,10324,7316,3008,8241,2253,5988,194408,24465,29652,103851,226117,236806,17325,297107,296567,206519,82997,999,6051,540,1362782,4423028
2001:Q2,White,45379676,15130714,12280783,2849931,30248962,3188992,1351889,1100561,710539,390022,727699,637322,90377,8274931,770873,744066,2402939,6460408,4828908,397695,6034200,6018207,4262877,1405157,9282,340891,15994,39345476,80206726
2001:Q2,Black,2036269,836936,624822,212113,1199333,116811,11044,14066,7468,6598,167,0,167,82591,79317,62124,145036,593528,65199,29450,543783,542117,341795,192274,517,7531,1666,1492485,13231346
2001:Q2,Hispanic,1225612,561273,441578,119695,664339,79123,8990,5298,3263,2035,14,0,14,77420,29071,37683,83890,246431,78580,17839,337726,337101,235115,100959,238,788,625,887886,8217076
2001:Q2,Other,1707789,675236,578180,97056,1032554,117460,27852,8447,6483,1964,7979,1934,6044,212863,25553,30891,106015,236672,240861,17961,301550,301015,210231,85859,643,4282,535,1406239,4441702
2001:Q3,White,44618445,15505574,12626814,2878759,29112871,3245915,1415155,1219209,843475,375734,814717,722799,91918,6905618,761334,734392,2170952,6526019,4904816,414745,6239177,6222508,4386521,1419915,15311,400761,16668,38379268,80284975
2001:Q3,Black,2058418,861002,646105,214897,1197416,118735,11554,15283,8789,6494,4349,4284,65,69974,78430,62789,120068,620256,64582,31396,569371,567630,352564,203371,952,10742,1741,1489047,13409996
2001:Q3,Hispanic,1211464,564895,442872,122024,646569,75559,8321,5675,3610,2065,90,75,15,67979,28474,37357,79987,246792,77738,18595,349187,348550,243726,102305,266,2252,636,862277,8324764
2001:Q3,Other,1690343,683187,587507,95680,1007156,120096,29480,9783,8082,1701,8595,2472,6123,176085,25328,31227,96133,246909,244739,18782,308142,307575,214741,88760,1136,2938,567,1382201,4476100
2001:Q4,White,46071509,15817697,12901986,2915711,30253812,3322495,1487648,1126885,751977,374908,776618,682967,93652,7800170,787049,748951,2294524,6627671,4861279,420522,6292755,6276219,4449161,1475932,3254,347872,16536,39778754,80347457
2001:Q4,Black,2157748,900145,680691,219454,1257603,121675,12372,14711,8105,6605,650,588,63,80514,80558,66902,136353,643688,68255,31926,598341,596632,373383,215196,163,7889,1709,1559407,13586407
2001:Q4,Hispanic,1254502,592232,463014,129219,662269,76514,8906,6125,3680,2445,14,0,14,75496,29869,37662,80894,249589,77861,19339,373394,372751,263278,109160,62,251,644,881107,8452762
2001:Q4,Other,1734080,704677,604761,99916,1029402,121596,29349,9787,7076,2711,7640,1961,5679,199531,26842,30878,100331,247496,236712,19239,321067,320492,225963,91540,207,2782,575,1413013,4528625
2002:Q1,White,46675783,16142058,13206011,2936047,30533725,3412550,1456685,1075046,722369,352677,766698,670821,95877,7851048,809110,740666,2396573,6698100,4901103,426147,6396914,6380117,4563294,1469093,911,346819,16797,40278869,80396829
2002:Q1,Black,2241398,931214,708670,222544,1310184,124832,13444,14619,7974,6645,70,0,70,85020,82388,68159,150616,663504,75103,32430,598534,596802,374422,214910,41,7429,1731,1642864,13757977
2002:Q1,Hispanic,1295839,621936,486328,135607,673903,77998,9353,6584,3876,2707,13,0,13,77465,31243,37127,81393,252028,80565,20133,379761,379095,270017,108880,19,180,666,916077,8598067
2002:Q1,Other,1762451,730908,626812,104096,1031543,123924,28362,11055,6820,4235,6959,1743,5216,199865,28359,29655,104207,247287,232089,19781,335445,334844,241077,90634,52,3081,602,1427005,4600158
2002:Q2,White,46215308,16444721,13480749,2963972,29770587,3413840,1405657,1195785,736154,459631,736045,638452,97593,7097957,818878,728050,2211831,6758490,4966086,437969,6529168,6512492,4700551,1493049,-9281,328173,16676,39686140,80436679
2002:Q2,Black,2288389,963813,736861,226951,1324577,126827,14500,15193,8267,6926,67,0,67,83306,83146,68833,133808,682060,83008,33829,611780,610082,382535,221796,-341,6092,1698,1676609,13922117
2002:Q2,Hispanic,1329728,657689,514858,142831,672040,77446,9760,7919,4231,3688,12,0,12,73948,32299,36438,74231,254521,84195,21270,393898,393221,282681,110743,-203,0,676,935831,8756307
2002:Q2,Other,1756990,759397,650161,109235,997593,125257,27279,9291,7082,2209,6094,1299,4795,177506,29542,28315,97237,247407,229010,20656,354735,354119,259273,92056,-465,3255,615,1402255,4691200
2002:Q3,White,45267469,16757845,13756009,3001836,28509624,3520243,1376889,1229669,694852,534816,733482,633638,99843,5787155,819460,717953,2004458,6818839,5053912,447564,6676338,6659089,4838197,1515956,-11020,315956,17249,38591131,80470594
2002:Q3,Black,2325937,994460,770667,223793,1331477,130191,15457,14926,7980,6945,74,0,74,76255,83045,69794,114559,700400,91878,34898,632458,630695,399206,226837,-367,5018,1763,1693479,14076240
2002:Q3,Hispanic,1366693,698602,546669,151933,668091,79594,10200,8900,4337,4563,11,0,11,65881,33102,35840,66330,257201,88681,22351,417587,416875,302274,114856,-254,0,712,949106,8923108
2002:Q3,Other,1740884,788886,675664,113222,951998,129078,26523,7439,6747,692,5466,1130,4337,139136,30501,27128,89426,248379,227368,21553,377111,376448,279483,93959,-505,3511,662,1363773,4802250
2002:Q4,White,46180615,17058028,14029594,3028434,29122587,3559332,1446589,1313022,644000,669022,723682,621633,102049,6127555,822466,749142,2092874,6905031,4917975,464921,6840435,6823219,4978241,1547038,-17461,315401,17216,39340180,80502162
2002:Q4,Black,2407654,1024098,804256,219842,1383556,132572,16282,13983,7559,6424,80,0,80,83444,83062,76251,126846,721620,92306,37109,654577,652839,414683,234171,-493,4478,1738,1753077,14217761
2002:Q4,Hispanic,1416586,736685,576273,160412,679901,80114,10869,10154,4348,5807,10,0,10,70291,34010,36900,66553,260715,86434,23851,441019,440292,321720,118997,-425,0,727,975567,9094098
2002:Q4,Other,1788354,823172,705677,117495,965183,132255,26954,6324,6324,0,4733,857,3875,148298,31707,27788,93915,251776,218555,22877,402342,401656,301669,96802,-719,3904,686,1386012,4933810
2003:Q1,White,46382931,17350734,14313452,3037281,29032198,3721082,1397105,1233081,614334,618747,738122,634572,103550,5798968,835575,761681,2096884,6953060,5022360,474280,6965107,6946801,5096373,1538887,-16911,328451,18306,39417825,80534970
2003:Q1,Black,2479064,1054752,833049,221703,1424312,136601,17177,14324,7338,6986,70,0,70,84645,83868,80235,129986,737426,101870,38110,664139,662262,427206,230912,-448,4593,1876,1814925,14344092
2003:Q1,Hispanic,1463248,771833,604928,166905,691415,83792,11253,10513,4430,6083,9,0,9,69474,35275,37178,64378,262984,91571,24989,461605,460820,339388,121862,-430,0,784,1001644,9264904
2003:Q1,Other,1829135,863536,739843,123694,965598,138442,26164,6157,6157,0,4318,861,3457,138041,33509,27683,95310,253548,218421,24006,426311,425545,324274,97461,-653,4463,766,1402823,5086378
2003:Q2,White,48297901,17676467,14616569,3059897,30621434,3789739,1364555,1146687,555069,591618,833528,727861,105667,6855361,861923,794954,2323235,7021418,5147918,482116,7255229,7236668,5282965,1560377,-14571,407897,18561,41042672,80572605
2003:Q2,Black,2594063,1085810,864662,221148,1508254,139188,17983,14037,6755,7282,1887,1814,73,98809,85748,87065,157426,755024,112247,38840,691936,690046,447221,235059,-373,8139,1890,1902128,14452645
2003:Q2,Hispanic,1531785,811528,636681,174847,720257,85073,11651,10713,4283,6430,445,438,7,79596,37007,38268,68340,265655,97448,26060,492967,492157,363885,125981,-386,2676,811,1038818,9431154
2003:Q2,Other,1934039,908193,778027,130166,1025846,143478,25622,8136,5659,2477,4927,1955,2972,170121,36100,28575,106821,257321,219549,25196,460796,459984,354308,100513,-535,5698,812,1473243,5260456
2003:Q3,White,49210091,18010147,14915976,3094171,31199944,3791961,1313201,1117033,623688,493345,833860,727546,106314,7247618,882570,814908,2373263,7079330,5249706,496494,7435025,7416471,5465591,1586180,-21382,386082,18553,41775066,80618654
2003:Q3,Black,2673979,1114487,898376,216110,1559492,140615,18688,15205,7618,7587,1212,1168,44,106929,87002,92027,165387,770269,121647,40511,707044,705182,457732,241445,-460,6465,1861,1966935,14540834
2003:Q3,Hispanic,1593777,859010,674788,184222,734767,84530,11953,11113,4966,6146,499,494,5,84432,38534,38747,67265,267638,102590,27465,511438,510612,381484,127997,-588,1718,826,1082339,9588474
2003:Q3,Other,2020199,959078,822739,136339,1061121,147741,24895,14008,6681,7327,4418,1829,2589,183158,38672,28905,111280,261026,220212,26807,496362,495512,386126,104053,-711,6044,850,1523838,5456543
2003:Q4,White,50982840,18354072,15227065,3127007,32628768,3841919,1274663,1237475,684917,552558,830017,722140,107877,8130498,901713,852551,2579458,7149184,5319394,511897,7602157,7583702,5601166,1615197,17208,350131,18455,43380683,80676705
2003:Q4,Black,2777154,1143972,930365,213607,1633182,142514,19299,16057,8390,7667,34,0,34,119378,87975,99409,190753,785815,129670,42280,726486,724670,473523,246600,572,3975,1816,2050668,14606072
2003:Q4,Hispanic,1662811,904059,711024,193035,758751,85111,12248,12726,5623,7104,488,484,4,92819,39976,39891,70433,269525,106624,28911,537132,536295,403175,132583,484,53,837,1125679,9732491
2003:Q4,Other,2138110,1018203,874250,143952,1119907,153595,24351,14587,7709,6877,3699,1596,2102,213902,41416,30144,123565,266137,219889,28623,534164,533277,417749,108551,677,6299,887,1603946,5675140
2004:Q1,White,53218865,18923015,15755969,3167046,34295851,3966371,1235067,2007808,1422160,585649,849533,738881,110652,8557184,905087,880429,2617469,7285673,5474189,517041,7722769,7704393,5720571,1608900,15638,359285,18376,45496097,80750345
2004:Q1,Black,2884145,1184895,969617,215278,1699250,145294,19800,24028,16303,7725,1217,1171,46,127752,87353,105300,196803,808518,140782,42403,729163,727394,480144,242915,480,3855,1769,2154983,14645773
2004:Q1,Hispanic,1743004,960405,758675,201730,782598,87524,12485,18028,10174,7854,793,790,2,97613,40785,40527,68707,273039,113318,29780,553450,552603,417660,134043,453,447,847,1189554,9858832
2004:Q1,Other,2283163,1103443,949731,153712,1179720,161797,23813,26532,19265,7267,3185,1720,1465,230899,43618,30965,128706,276847,223248,30110,569491,568561,450314,110613,583,7051,929,1713672,5916747
2004:Q2,White,54033068,19417304,16203805,3213499,34615764,4033695,1192848,1819426,1275857,543569,877582,764053,113530,8503327,915888,896833,2642966,7426739,5784296,522163,7946152,7927173,5917092,1620753,15203,374124,18979,46086916,80843161
2004:Q2,Black,2953499,1216824,1008644,208180,1736675,146909,20177,22807,14942,7865,3698,3638,60,131922,87210,109365,200980,813565,157613,42429,743260,741440,493511,243461,436,4032,1820,2210239,14657348
2004:Q2,Hispanic,1820906,1021745,810210,211535,799161,88217,12648,17811,9920,7891,1249,1248,1,98688,41774,40556,66434,276187,125012,30586,576535,575653,438117,135959,451,1126,882,1244371,9963125
2004:Q2,Other,2409299,1184839,1022939,161899,1224461,169391,23245,27805,17450,10355,2787,2023,764,231159,46412,31211,133698,293280,233742,31731,616408,615394,492553,114365,542,7933,1013,1792892,6181864
2004:Q3,White,55158389,19991609,16761296,3230314,35166780,4059026,1151734,1956571,1371315,585256,872849,756519,116330,8443090,924091,920781,2634941,7572660,6095792,535245,8123929,8104700,6079765,1656038,-4378,373274,19230,47034460,80958741
2004:Q3,Black,3015044,1248701,1041053,207648,1766343,147527,20432,23872,15968,7903,2071,2000,71,135885,86625,114264,200842,817209,174052,43565,760352,758537,506273,249009,-93,3347,1815,2254692,14638211
2004:Q3,Hispanic,1902484,1088683,871358,217325,813801,87538,12744,19550,10842,8708,1232,1232,0,99452,42552,40765,63024,278673,136530,31741,598911,598010,457772,139305,-133,1066,901,1303574,10040997
2004:Q3,Other,2543356,1271943,1099370,172573,1271413,176589,22688,30572,19855,10716,1690,1681,10,230823,49302,31858,137354,311453,245173,33911,665885,664801,535682,120523,-133,8728,1084,1877471,6470991
2004:Q4,White,57218898,20542025,17262319,3279706,36676873,4163255,1151189,2073018,1633420,439598,924827,806141,118686,9155774,946658,958107,2850312,7715707,6187671,550355,8356611,8337001,6242714,1692452,-5944,407778,19610,48862288,81098728
2004:Q4,Black,3127579,1307706,1094429,213277,1819873,152920,20469,25717,18098,7619,7125,6948,177,137442,89525,117837,220882,827462,174097,46396,797069,795187,537772,252806,-122,4730,1882,2330510,14587249
2004:Q4,Hispanic,1997168,1137405,915391,222014,859764,93217,12992,19509,12435,7074,2220,2049,170,108403,41342,42138,73096,281516,152222,33108,634773,633896,486354,144304,-194,3432,876,1362396,10089620
2004:Q4,Other,2793204,1378614,1195393,183221,1414590,190733,24687,41557,25975,15582,3877,3877,0,263965,51645,35915,151108,338033,276508,36564,714756,713624,573738,130557,-180,9510,1132,2078448,6783721
2005:Q1,White,57933840,21050898,17735903,3314995,36882942,4262814,1107006,2008868,1553413,455456,916483,795272,121211,9175258,947517,967646,2837055,7801008,6300532,558755,8436762,8416932,6352795,1676474,-17732,405396,19830,49497078,81256992
2005:Q1,Black,3169767,1356891,1136397,220494,1812876,157934,20297,24474,16911,7563,4357,4070,287,132758,90269,117178,214512,828417,174593,48087,826469,824548,580721,240008,-297,4116,1922,2343298,14509245
2005:Q1,Hispanic,2086539,1199189,974609,224580,887349,98647,12998,19506,12320,7186,2280,1936,344,112167,39196,42213,76570,281573,168174,34025,679551,678709,524100,151188,-620,4041,842,1406988,10112349
2005:Q1,Other,2986728,1482198,1287127,195070,1504530,205807,26154,41985,25532,16453,4943,4943,0,269884,52805,38589,152722,361316,311308,39018,758839,757668,610945,137304,-494,9913,1171,2227889,7116019
2005:Q2,White,59323103,21588577,18239350,3349227,37734525,4303562,1080743,2127360,1645498,481862,921754,798524,123230,9438547,953516,992141,2923773,7898311,6531169,563650,8636079,8615669,6528151,1692848,-10978,405649,20409,50687024,81425456
2005:Q2,Black,3236554,1410101,1176641,233460,1826453,161819,20175,24771,17259,7512,3408,3022,386,129621,91311,118434,219006,829508,179245,49154,857345,855335,614511,237386,-203,3642,2010,2379209,14410454
2005:Q2,Hispanic,2185707,1263391,1037554,225837,922316,102339,13073,20415,13022,7393,2560,2042,518,117544,37152,42830,82735,281399,187589,34678,715304,714484,554706,155410,-409,4777,820,1470403,10114082
2005:Q2,Other,3217566,1590587,1380750,209836,1626980,220170,28037,45921,28796,17125,6472,6472,0,286467,54263,42381,160065,387085,354723,41395,813409,812174,655391,146746,-324,10361,1235,2404158,7462941
2005:Q3,White,60812748,22172471,18796229,3376242,38640277,4381643,1093940,1903619,1545273,358347,919606,795344,124262,9937666,968233,1007438,3053191,7990968,6800989,582983,8849042,8829205,6707192,1722668,-10644,409989,19837,51963706,81596049
2005:Q3,Black,3303094,1459197,1225460,233738,1843897,166077,20191,22712,15916,6797,1606,1145,461,127827,92994,118254,227858,829029,185070,52277,890625,888698,647576,237931,-195,3387,1927,2412469,14297133
2005:Q3,Hispanic,2290391,1331477,1103958,227519,958914,106973,13333,18564,12714,5850,2741,2049,692,124465,35376,42986,90015,280590,207818,36051,750645,749895,584764,159850,-423,5704,751,1539746,10099718
2005:Q3,Other,3478181,1706804,1486387,220416,1771378,236369,30799,47560,27827,19732,8016,8016,0,314781,56260,45780,170188,413674,403166,44785,872064,870843,702350,157936,-313,10870,1221,2606118,7819545
2005:Q4,White,62045402,22680487,19270575,3409912,39364915,4430859,1157567,2009815,1570685,439130,918635,794787,123847,10067751,974703,1028760,3161013,8084916,6924534,606362,9023579,9004072,6867688,1749889,-5706,392200,19508,53021822,81760694
2005:Q4,Black,3354981,1502370,1267244,235125,1852612,169804,20336,22775,15666,7110,504,0,504,123107,93871,118827,234019,828179,185293,55896,917563,915683,675827,237998,-112,1971,1879,2437419,14175538
2005:Q4,Hispanic,2378672,1389620,1160205,229416,989052,110757,13816,19754,13042,6712,2967,2105,862,128716,33265,43350,96567,279516,222749,37595,780133,779443,610654,163437,-242,5594,690,1598539,10074158
2005:Q4,Other,3721389,1825457,1593641,231817,1895932,252389,34763,50140,29701,20439,9792,9792,0,326038,57670,49756,179186,441473,446129,48597,930064,928845,748699,169231,-174,11089,1218,2791325,8180886
2006:Q1,White,63883677,22709455,19272051,3437404,41174222,4614891,1156327,2092240,1661641,430599,929160,808376,120784,11398570,918387,1051523,3260843,8186936,6959276,606069,9258791,9239102,7065073,1759100,4744,410185,19689,54624886,81911317
2006:Q1,Black,3383572,1523779,1277384,246395,1859794,175370,20266,22869,15927,6941,535,47,488,126130,89349,119568,239150,828242,182288,56026,942821,940915,704358,234002,109,2446,1905,2440752,14051925
2006:Q1,Hispanic,2431846,1408599,1179135,229464,1023247,118302,13992,20237,13725,6512,3407,2383,1025,141069,28833,43749,102817,278576,234424,37841,810738,810088,637077,165640,214,7157,651,1621108,10042301
2006:Q1,Other,3975751,1893612,1646064,247548,2082140,273191,37699,55142,33294,21848,12088,12088,0,400094,54460,54008,187720,471057,485754,50928,992466,991216,800430,178843,158,11785,1250,2983286,8542023
2006:Q2,White,64119036,22983464,19512668,3470796,41135573,4647061,1189868,2059540,1537877,521664,946404,830765,115639,11065606,920713,1059429,3244102,8275476,7121688,605686,9469259,9449402,7252750,1763163,13423,420066,19857,54649777,82039843
2006:Q2,Black,3399220,1551063,1303171,247892,1848156,178869,20275,21553,14513,7040,2081,1652,428,118093,89923,118361,231783,827015,184031,56172,971663,969734,738270,228621,348,2495,1929,2427556,13932550
2006:Q2,Hispanic,2487425,1443489,1212251,231238,1043936,121681,14323,20571,13199,7372,3987,2808,1179,142255,26594,43532,105602,277197,250111,38084,847013,846402,668080,169342,645,8336,611,1640412,10009045
2006:Q2,Other,4160422,1985709,1726405,259305,2174713,289724,41550,52784,31438,21347,14794,14794,0,387440,55159,57274,188194,499919,534625,53250,1055610,1054331,852991,188485,480,12375,1279,3104812,8898011
2006:Q3,White,65106232,23170201,19664278,3505923,41936031,4701540,1250618,2019127,1562357,456770,933315,824518,108798,11425182,940955,1080957,3343267,8375862,7260857,604350,9656206,9636279,7387799,1800782,19022,428676,19928,55450026,82138199
2006:Q3,Black,3429801,1573046,1324585,248461,1856756,182836,20307,21075,14292,6784,336,0,336,114493,92076,119103,237081,828087,185118,56246,1004374,1002432,766955,232461,533,2483,1942,2425427,13823671
2006:Q3,Hispanic,2545954,1472446,1238977,233469,1073508,125818,14763,20116,13520,6596,4121,2796,1324,148191,25046,43911,111852,276411,264980,38300,880753,880186,694302,175449,976,9458,568,1665201,9979291
2006:Q3,Other,4396484,2072308,1801883,270425,2324176,307231,46213,57445,33324,24120,16943,16943,0,411639,57090,61663,196217,530659,583603,55474,1117063,1115767,899368,202748,709,12942,1296,3279421,9243909
2006:Q4,White,66383092,23189737,19662160,3527577,43193355,4759636,1338716,1858722,1421255,437467,927837,823768,104070,12298197,968230,1106917,3502392,8482800,7334501,615406,9808847,9788764,7466890,1828138,35770,457966,20082,56574246,82198310
2006:Q4,Black,3472491,1593202,1339826,253376,1879290,187121,20315,19466,12859,6607,292,0,292,113935,94919,120607,249007,831276,184197,58155,1025888,1023919,784644,234510,1245,3520,1969,2446603,13731542
2006:Q4,Hispanic,2590927,1482684,1248345,234339,1108243,130276,15293,19099,12798,6300,4363,2890,1473,157602,23797,44526,120020,276201,277850,39216,903594,903065,710690,178896,1962,11517,529,1687333,9957937
2006:Q4,Other,4647949,2143803,1860836,282967,2504146,324992,51705,56391,30703,25688,19388,19388,0,466731,59508,66511,208406,562584,629331,58599,1168995,1167678,937119,215172,1559,13828,1317,3478954,9574772
2007:Q1,White,67182313,22950930,19404134,3546796,44231383,4935791,1381865,1940502,1466231,474271,939411,839602,99809,12878947,980356,1116927,3562639,8575233,7302674,617038,9902720,9882190,7588452,1809778,26877,457082,20530,57279594,82212100
2007:Q1,Black,3489834,1603520,1338714,264805,1886314,193283,20284,19500,12876,6624,261,0,261,111601,96674,120285,250971,834554,180038,58862,1036030,1033989,802349,227746,851,3043,2041,2453804,13662421
2007:Q1,Hispanic,2613082,1473463,1238734,234728,1139620,138364,15675,19898,13289,6609,4854,3234,1620,165395,22046,44570,125464,276019,287632,39704,922240,921738,727423,180479,1592,12244,503,1690842,9949884
2007:Q1,Other,4839059,2182020,1883717,298302,2657040,346875,56417,59443,32998,26446,22527,22403,124,505891,60605,70082,213131,592927,668186,60955,1217819,1216459,979029,222169,1039,14223,1360,3621240,9885657
2007:Q2,White,67808226,22838973,19268686,3570287,44969253,4904906,1435761,1848554,1452958,395597,979392,884885,94507,13243620,1003490,1151093,3724594,8678595,7365775,633471,10077119,10056544,7698904,1830493,26477,500671,20575,57731107,82171497
2007:Q2,Black,3551509,1617921,1344689,273232,1933588,197369,20260,18750,12499,6251,4013,3794,219,108120,99586,123452,264331,856143,179763,61800,1064006,1061944,827045,229256,848,4796,2062,2487503,13622562
2007:Q2,Hispanic,2648421,1472061,1235504,236556,1176361,141067,16118,19135,13421,5713,5804,4048,1756,172284,20755,45717,134302,278984,301127,41070,951293,950831,750151,184003,1697,14980,462,1697129,9960029
2007:Q2,Other,5013235,2218434,1906888,311546,2794801,361340,61526,62039,33648,28391,26969,26309,659,531700,62490,75745,225181,609902,713475,64436,1269995,1268631,1019095,233214,977,15345,1364,3743241,10171623
2007:Q3,White,68584299,22649823,19061743,3588080,45934476,4928028,1634172,2296920,1640808,656112,994186,903555,90631,13323379,1014399,1167165,3797721,8769225,7368357,640924,10180875,10159915,7784620,1877170,38720,459404,20960,58403424,82068424
2007:Q3,Black,3590549,1622558,1343868,278690,1967991,202822,20033,19998,13539,6460,5333,5129,204,103205,101812,124694,269275,879083,178033,63704,1100711,1098573,856549,238197,1489,2338,2138,2489838,13618224
2007:Q3,Hispanic,2701455,1486827,1247701,239126,1214628,145820,16958,23154,14956,8198,6381,4479,1902,178056,19078,46269,140926,282400,313497,42089,985617,985181,776924,191554,2690,14013,436,1715838,9993273
2007:Q3,Other,5140567,2243561,1921515,322046,2897005,377286,69988,63001,40262,22740,30608,29625,983,537927,63183,79823,230024,624158,753901,67108,1321203,1319808,1054578,248631,1616,14983,1395,3819363,10427724
2007:Q4,White,68059940,22433760,18821635,3612125,45626180,5098855,1793098,2332798,1648113,684685,1085478,998565,86913,12622986,1020517,1164689,3740439,8847315,7262741,657265,10311375,10290433,7870165,1906601,44127,469539,20942,57748565,81898463
2007:Q4,Black,3576885,1605950,1319581,286369,1970935,204262,20238,21312,14816,6497,17104,17026,78,101476,99232,124147,250362,895824,172719,64258,1104349,1102268,846675,250309,1679,3605,2082,2472535,13653730
2007:Q4,Hispanic,2616218,1418002,1174955,243047,1198216,145552,17302,22959,14792,8166,7310,5597,1712,169708,20155,47042,137662,288309,299667,42552,986691,986237,775732,193777,2879,13848,454,1629527,10053002
2007:Q4,Other,5190491,2261088,1927841,333248,2929402,392638,76689,66270,43816,22454,35719,33590,2130,534342,66378,80293,238738,635342,734202,68793,1362954,1361502,1084561,258790,1895,16256,1452,3827537,10650327
2008:Q1,White,66495222,21936467,18293426,3643041,44558755,5280964,1996392,2385550,1673248,712301,1181674,1097806,83868,11615970,1013259,1127634,3528570,8909241,6851146,668356,10412959,10390994,7935598,1890436,51320,513640,21964,56082263,81671820
2008:Q1,Black,3508820,1564905,1274771,290134,1943915,206531,20450,22814,16268,6546,28362,28362,0,98168,95843,119423,216677,913854,157476,64317,1098761,1096584,833940,254048,1981,6615,2177,2410059,13725682
2008:Q1,Hispanic,2518822,1352640,1103632,249008,1166182,146064,17821,22918,14789,8129,8280,6743,1537,159721,20815,46532,129992,294618,276554,42868,985463,984946,771730,194791,3158,15267,517,1533359,10136555
2008:Q1,Other,5119145,2227543,1886348,341195,2891602,407815,84479,69997,47945,22052,40891,37738,3153,507393,68280,77209,234125,643099,688441,69873,1393648,1392041,1108854,262733,2312,18142,1607,3725497,10841022
2008:Q2,White,65511129,21528535,17867258,3661277,43982594,5157178,1921755,2506701,1824502,682200,1175266,1083967,91299,11136416,1021533,1113157,3521147,8987311,6766610,675518,10388488,10366248,7970559,1895956,38676,461057,22240,55122641,81402354
2008:Q2,Black,3471367,1522356,1234487,287869,1949011,205604,21232,25682,18888,6794,26862,26838,24,98037,93983,117907,204953,936668,154071,64013,1072105,1069929,798392,265556,1195,4786,2176,2399262,13828750
2008:Q2,Hispanic,2456192,1307271,1051887,255384,1148921,138129,17756,23205,15553,7651,7752,6311,1441,153272,22131,47092,128945,302317,265244,43077,953675,953124,747188,191380,2265,12291,551,1502517,10239755
2008:Q2,Other,5105599,2190124,1845912,344212,2915474,410517,85783,81753,56883,24870,41423,38719,2704,514570,71515,75918,245622,651922,665997,70453,1412097,1410408,1123143,267561,1413,18290,1690,3693501,11002712
2008:Q3,White,63622759,21115990,17442671,3673319,42506770,5297231,1916902,2737105,1977320,759784,1179582,1079295,100287,9712038,1019709,1087912,3261819,9047771,6556372,690329,10483514,10461449,7942165,1899355,68765,551164,22065,53139246,81103927
2008:Q3,Black,3416377,1492570,1199390,293181,1923807,208438,21922,28451,21753,6698,26540,26430,109,92185,91428,115095,168351,959775,146670,64953,1081553,1079437,792053,274290,2835,10259,2116,2334824,13957604
2008:Q3,Hispanic,2380120,1257657,996757,260900,1122463,137993,17884,24245,16262,7983,7374,6031,1343,140418,23128,47294,120096,310079,250159,43793,964426,963857,747685,196414,3798,15959,569,1415694,10358428
2008:Q3,Other,4990100,2152928,1802595,350333,2837172,422745,88508,87863,66553,21310,41824,39859,1965,453316,73720,73275,235099,657153,632086,71583,1429901,1428175,1129939,273754,3465,21017,1727,3560199,11138295
2008:Q4,White,60761566,20670299,17017842,3652456,40091268,5535733,2143655,3044022,2257902,786120,956405,853584,102821,7565467,1011706,1015335,2831588,9080634,6202080,704643,10239022,10215730,7894076,1888792,70130,362731,23292,50522544,80790398
2008:Q4,Black,3308033,1464508,1168202,296306,1843525,212929,22353,32850,26079,6770,1715,1627,87,81143,88416,105781,116498,981406,134482,65953,1063263,1061004,776366,280640,2777,1222,2259,2244769,14106913
2008:Q4,Hispanic,2288667,1211316,947238,264078,1077351,140909,18650,25350,17436,7914,3809,2609,1200,121455,23933,45470,105574,317358,230295,44549,948170,947523,739577,198017,3690,6239,647,1340496,10488399
2008:Q4,Other,4794127,2115750,1762343,353407,2678377,438379,96957,103281,82683,20599,36611,34413,2198,338763,75223,65569,208675,657254,585115,72549,1430537,1428634,1130047,276340,3440,18807,1903,3363590,11250672
2009:Q1,White,59151881,20242309,16609103,3633206,38909572,5464519,2112246,3321251,2351989,969262,895446,787516,107930,6715293,1017956,1013081,2711194,9087529,5865391,705666,10143878,10121005,7893280,1830926,56406,340393,22873,49008003,80475629
2009:Q1,Black,3261040,1433999,1137270,296729,1827041,213739,23190,34716,28894,5822,109,0,109,77829,86670,106028,95531,1001131,123027,65071,1053324,1051155,773506,275028,1817,805,2168,2207717,14271348
2009:Q1,Hispanic,2218530,1171766,903801,267964,1046764,134765,18782,26501,17714,8788,2602,1537,1065,111325,25333,46781,100999,324001,211092,44583,950856,950200,743034,200000,2841,4325,657,1267673,10625493
2009:Q1,Other,4670537,2071296,1717139,354157,2599241,440934,98836,97923,91103,6820,35368,33343,2025,312816,77989,64556,207850,652321,538489,72160,1432713,1430803,1136767,272188,2275,19572,1910,3237824,11342743
2009:Q2,White,59701201,19899268,16272041,3627226,39801934,5447984,1993783,2940076,1970906,969170,909419,796527,112892,8119060,1034567,1069686,3002696,9140429,5433745,710489,10135107,10113545,7892148,1802449,66987,351960,21563,49566094,80173480
2009:Q2,Black,3287597,1411005,1116382,294622,1876592,215370,24096,32538,26502,6035,129,0,129,90227,85841,114706,113083,1027505,108348,64749,1036327,1034385,751423,278291,2311,2360,1943,2251269,14445578
2009:Q2,Hispanic,2204816,1155906,882403,273503,1048910,130119,18657,24511,16025,8486,2417,1497,920,119262,27183,50849,110135,332488,188456,44834,935003,934375,729113,197901,3211,4150,628,1269813,10765534
2009:Q2,Other,4738800,2027123,1673959,353163,2711677,444995,98129,84282,76401,7881,36327,34458,1869,445476,81676,69442,243091,652920,483342,71997,1434689,1432868,1138890,270232,2921,20825,1821,3304110,11417408
2009:Q3,White,61214268,19638851,16024852,3613999,41575417,5423031,1836219,3087899,2205890,882009,928852,811320,117532,9550940,1053137,1129314,3318015,9198488,5330401,719120,10122515,10101273,7857251,1797715,80007,366300,21242,51091753,79897811
2009:Q3,Black,3338313,1387524,1098457,289068,1950788,216904,24899,37895,31023,6872,143,0,143,103029,85152,124111,133751,1054902,105033,64970,1033894,1032036,738299,286609,3012,4116,1858,2304419,14624274
2009:Q3,Hispanic,2211928,1146069,867408,278662,1065859,125032,18341,24687,17009,7678,2298,1532,766,127074,29142,55179,120136,341150,177533,45286,932509,931868,722701,201401,3649,4117,641,1279419,10904348
2009:Q3,Other,4890772,1996228,1646689,349538,2894544,448053,95860,107610,91107,16503,37462,35698,1763,583782,85472,74655,281178,653125,455267,72080,1435924,1434094,1135178,272985,3826,22105,1831,3454847,11477568
2009:Q4,White,61321204,19479329,15855456,3623873,41841876,5620787,1753233,2910753,2162156,748598,931453,809132,122321,9791497,1067376,1169166,3437767,9238975,5186857,734011,10133041,10113627,7851507,1785863,87456,388801,19414,51188163,79662484
2009:Q4,Black,3373248,1382119,1084164,297955,1991130,221464,25580,40015,32248,7767,160,0,160,107742,83975,130759,135320,1079742,100276,66097,1020696,1019158,715100,294302,3376,6379,1539,2352552,14802105
2009:Q4,Hispanic,2206921,1137966,853941,284026,1068954,126460,18200,23331,16748,6583,1952,1348,604,125716,30931,58663,123587,348912,165128,46073,917440,916855,707177,201351,3796,4531,585,1289481,11037760
2009:Q4,Other,4939152,1977986,1623706,354280,2961165,460036,95304,119255,92071,27184,37959,36325,1634,634555,88743,77722,301519,649483,423931,72660,1435944,1434266,1132969,273501,4304,23492,1679,3503207,11526121
2010:Q1,White,62219086,19399265,15786188,3613078,42819820,5585887,1554691,3158856,2290820,868036,935143,809527,125615,10319571,1073270,1199455,3570643,9399037,5297290,725978,10101271,10079953,7794479,1735282,142445,407748,21318,52117814,79481358
2010:Q1,Black,3422672,1373180,1076210,296970,2049492,222636,25943,43142,35743,7399,147,0,147,114502,81866,135938,137968,1119636,104180,63533,991231,989445,680496,292310,8171,8467,1787,2431441,14973741
2010:Q1,Hispanic,2207186,1127580,839488,288092,1079606,120530,17510,24091,17146,6945,1630,1199,431,126386,32350,61710,127348,360920,161738,45395,889903,889205,680722,197932,5809,4742,697,1317283,11161594
2010:Q1,Other,5025306,1965303,1612640,352663,3060003,461618,90647,121691,101942,19749,38727,36965,1761,706425,91071,79639,322910,662673,413671,70931,1424306,1422389,1119764,267533,10277,24815,1917,3601001,11565970
2010:Q2,White,61516500,19335419,15740887,3594532,42181081,5556050,1454438,3312758,2519027,793731,943639,816608,127031,9398103,1062940,1194169,3391515,9531911,5610176,725382,10105053,10083060,7794757,1719592,150038,418673,21993,51411447,79368295
2010:Q2,Black,3421756,1364789,1069504,295286,2056966,223561,26240,48771,40766,8005,591,493,98,110609,78000,135391,108900,1147942,115025,61935,967136,965292,647738,298759,8683,10112,1844,2454619,15133853
2010:Q2,Hispanic,2189143,1119216,828452,290764,1069927,114385,17108,23938,17743,6195,1386,1137,250,115746,33023,63002,120274,370616,165393,45056,861288,860534,655959,194288,5804,4483,753,1327856,11271676
2010:Q2,Other,4995979,1946132,1595803,350329,3049847,462882,88612,144010,117754,26256,39977,37763,2214,666201,91648,77453,314265,675142,419844,69813,1419160,1417135,1114401,265814,10915,26005,2024,3576819,11600012
2010:Q3,White,63175968,19212134,15624221,3587912,43963834,5626416,1447741,3213393,2609188,604205,957174,828280,128894,10513359,1086951,1253602,3654873,9715484,5766899,727942,10087157,10067376,7773252,1729247,140449,424428,19781,53088812,79337154
2010:Q3,Black,3478219,1342638,1051327,291311,2135581,225542,26714,52564,43946,8619,2038,1982,55,121524,77157,144684,123559,1180960,120217,60621,950005,948566,619218,310592,7292,11464,1439,2528213,15277109
2010:Q3,Hispanic,2230059,1138042,843977,294065,1092017,110914,17089,22598,17797,4802,1202,1136,65,120473,35084,67327,127947,381480,163122,44781,839226,838552,634507,194988,5159,3899,674,1390833,11363830
2010:Q3,Other,5162979,1918142,1571065,347077,3244838,468065,89588,163152,126051,37101,41254,38654,2600,781526,95564,82296,347468,693946,413075,68904,1411824,1410003,1104778,268900,9221,27104,1821,3751156,11631150
2010:Q4,White,64660224,19024361,15429136,3595225,45635863,5586649,1590502,3310124,2383557,926567,973940,848324,125616,11436292,1098503,1297282,3871944,9889388,5850733,730505,10079221,10057768,7641850,1832003,142833,441082,21453,54581003,79397126
2010:Q4,Black,3555500,1332989,1035701,297288,2222511,225000,26332,46849,39492,7358,8115,7519,596,136050,77079,153147,145424,1216949,126908,60657,969036,967373,612081,336292,7231,11769,1663,2586463,15399681
2010:Q4,Hispanic,2181574,1082511,790867,291644,1099063,108314,16438,22837,16612,6224,2188,1295,893,127926,34021,66698,131171,377982,166488,45001,826268,825549,618711,197079,5247,4511,720,1355306,11435147
2010:Q4,Other,5260558,1916785,1565439,351345,3343774,474811,90170,125295,108605,16690,38943,35956,2987,832720,98487,93431,366414,727474,424572,71456,1404509,1402476,1085256,281437,9465,26318,2033,3856050,11661877
2011:Q1,White,65566977,18779906,15157996,3621909,46787072,5752325,1549931,3240979,2405268,835711,974145,848164,125981,12247569,1116095,1299938,4035529,9964511,5873218,732832,10074319,10052543,7619152,1824618,136392,472382,21776,55492658,79538710
2011:Q1,Black,3596565,1313456,1012637,300819,2283109,226901,25357,46400,38620,7780,12010,10858,1152,149793,77381,154716,162081,1236791,131211,60469,963011,961343,610326,331867,6257,12893,1668,2633554,15503741
2011:Q1,Hispanic,2156973,1061188,770548,290640,1095785,111687,14948,21632,16088,5544,2837,1187,1650,134130,33102,63874,131942,369358,167191,45084,814027,813327,608078,194317,5007,5925,700,1342946,11487771
2011:Q1,Other,5347198,1903676,1548780,354896,3443523,490399,84492,128448,105390,23058,35551,32731,2820,873624,101930,99842,379727,744806,430779,73927,1396558,1394460,1082570,277507,8581,25801,2099,3950640,11693070
2011:Q2,White,65944083,18733094,15084894,3648200,47210989,5874416,1532678,3388591,2395323,993268,1012755,887021,125734,12217142,1132443,1308958,4057037,10035456,5916233,735280,10043154,10020967,7573629,1850405,123763,473171,22186,55900929,79747739
2011:Q2,Black,3626805,1306407,995599,310809,2320398,227682,24444,43939,37231,6708,19340,17694,1646,157283,77394,157001,163226,1253851,136091,60146,964275,962593,611616,333960,4789,12229,1682,2662529,15592960
2011:Q2,Hispanic,2125857,1046153,758072,288081,1079704,113411,13601,21425,15446,5979,3891,1555,2336,133782,32037,61205,127418,359616,168242,45074,802043,801361,599676,191562,4537,5586,682,1323814,11525112
2011:Q2,Other,5344819,1902483,1540499,361984,3442336,503959,79784,110743,100412,10331,33703,30925,2778,847874,105173,106882,378918,760527,438408,76364,1386881,1384709,1075748,277150,7033,24778,2172,3957938,11725197
2011:Q3,White,64351786,18693530,15015052,3678478,45658256,6012263,1513610,3756980,2651752,1105228,1011697,884308,127389,10396382,1141277,1271433,3729962,10066007,6008334,750311,10042914,10021629,7538233,1890857,130756,461783,21285,54308872,80010041
2011:Q3,Black,3582174,1289931,985563,304368,2292243,228264,23527,44942,39213,5729,22496,20355,2141,150932,76539,151541,125982,1263582,142680,61758,968810,967328,610998,340448,5045,10838,1482,2613364,15671011
2011:Q3,Hispanic,2069268,1034115,746755,287359,1035153,115376,12295,21434,15284,6150,4385,1404,2981,119895,30575,56126,111047,347478,170762,45780,790227,789625,589415,190904,4757,4549,602,1279041,11550582
2011:Q3,Other,5180484,1904489,1544065,360424,3275996,518144,75197,108867,108851,17,30382,27887,2495,683558,107603,108656,344291,769393,449903,80001,1383082,1380978,1069747,279966,7734,23530,2104,3797403,11758730
2011:Q4,White,65547159,18582607,14891215,3691392,46964552,6155909,1545104,3763663,2654835,1108828,970074,842635,127439,11069832,1169251,1299536,3924419,10162326,6133636,770803,10034039,10012754,7495638,1936696,140008,440412,21285,55513120,80311447
2011:Q4,Black,3627426,1272058,965327,306731,2355368,228582,22818,43425,37789,5636,21849,19286,2563,163885,77456,156499,144973,1281219,150484,64179,976651,975227,614272,346615,5495,8845,1424,2650775,15741566
2011:Q4,Hispanic,2044191,1012121,728780,283341,1032070,117324,11239,20473,14590,5882,4372,814,3558,124509,29890,54206,111514,337520,174255,46769,780983,780420,582342,190090,5045,2943,562,1263209,11567590
2011:Q4,Other,5274797,1903836,1540647,363189,3370961,532594,72456,104019,104019,0,26251,23785,2466,710368,111939,117748,359580,787761,464089,84157,1378476,1376344,1062686,282825,8740,22094,2132,3896321,11794137
2012:Q1,White,67212096,18463654,14750324,3713331,48748441,6223980,1492692,3687179,2496135,1191043,972856,849845,123012,12448201,1174289,1362153,4211281,10273875,6135572,766361,10020940,9998204,7462139,1938543,133897,463625,22735,57191156,80637787
2012:Q1,Black,3687882,1256973,940702,316271,2430909,227709,21811,39219,34485,4734,25418,22587,2831,182351,76067,166925,174996,1300275,153665,62471,963612,962014,605449,342537,4574,9454,1598,2724270,15808298
2012:Q1,Hispanic,2020589,991669,712473,279196,1028921,116746,9919,19589,13701,5888,4807,796,4011,134038,28181,53938,114556,327863,173130,46154,758994,758403,564711,185052,4792,3849,590,1261596,11579547
2012:Q1,Other,5411430,1903526,1533408,370118,3507904,544036,67164,91683,91683,0,24386,21363,3023,790219,113948,130669,383509,808213,468196,85882,1366270,1363955,1055662,278909,7901,21482,2315,4045160,11831891
2012:Q2,White,67264522,18635999,14904695,3731305,48628523,6215884,1452681,3883843,2758471,1125372,986423,868256,118168,12070866,1159582,1331333,4157593,10334523,6271211,764582,10011866,9987653,7415597,1980185,133110,458761,24214,57252656,80974892
2012:Q2,Black,3691863,1249675,937769,311906,2442188,225797,20869,41345,35975,5371,29793,26746,3047,187467,72718,162256,166680,1312109,161976,61177,966358,964582,604681,347349,4128,8424,1776,2725505,15874878
2012:Q2,Hispanic,1995021,998519,722337,276182,996502,113679,8719,18662,13260,5402,5287,898,4389,130692,25612,49060,106367,315950,176779,45695,744950,744331,553984,182442,4724,3180,619,1250071,11589862
2012:Q2,Other,5413155,1926772,1557200,369572,3486383,552644,62499,98908,98908,0,22962,19384,3578,735088,113983,133223,374700,821024,483463,87889,1358627,1356126,1047568,280492,7708,20358,2501,4054528,11872459
2012:Q3,White,68878934,18846805,15098413,3748392,50032129,6226370,1503178,3990745,2704693,1286052,985920,871822,114098,12804087,1172318,1360270,4326359,10425982,6471217,765684,10013092,9988512,7362203,2029116,132612,464581,24580,58865842,81308590
2012:Q3,Black,3749618,1248266,938994,309272,2501353,224105,20351,37578,33934,3644,32700,29452,3248,201348,72060,167268,184018,1328608,172951,60366,979327,977552,612864,352959,3706,8023,1775,2770291,15944980
2012:Q3,Hispanic,1990162,1002075,729140,272936,988086,111168,7880,18195,12548,5647,5562,840,4722,135338,24227,47128,105063,305321,182777,45426,743209,742614,550875,183962,4668,3108,595,1246952,11601946
2012:Q3,Other,5543449,1963244,1593236,370008,3580205,562452,60859,91553,91553,0,21069,17077,3992,764399,116838,142484,387160,838822,504351,90218,1353678,1351109,1039688,284417,7551,19453,2570,4189771,11916313
2012:Q4,White,69641428,19010492,15236708,3773785,50630936,6440542,1606093,3878170,2760762,1117408,1000904,890918,109986,12933307,1181666,1371818,4369588,10502403,6570064,776380,10023799,10001792,7342535,2084955,133453,440849,22007,59617630,81624713
2012:Q4,Black,3788573,1244262,933759,310503,2544311,224802,20056,38401,33043,5358,36873,33456,3417,210927,71109,169600,187091,1343972,180315,61164,974611,973310,599366,364648,3385,5912,1300,2813962,16022275
2012:Q4,Hispanic,1977917,1005222,734884,270338,972694,115114,7209,16766,11881,4885,5946,943,5003,135714,22711,44376,99620,294228,185226,45785,712696,712260,529674,176503,4660,1422,436,1265220,11619208
2012:Q4,Other,5622100,2001341,1628527,372814,3620759,580949,60842,89095,89095,0,19666,15299,4367,747366,119424,149922,387686,854967,517301,93542,1350068,1347743,1035419,286799,7551,17975,2325,4272032,11963923
2013:Q1,White,71936273,19354605,15562594,3792011,52581668,6486648,1537932,3663555,2672528,991026,983980,874841,109139,14484811,1193737,1412940,4602411,10787574,6648029,780052,9954841,9932027,7250241,2088811,134043,458931,22815,61981432,81909091
2013:Q1,Black,3901908,1253876,937574,316302,2648032,223641,19159,36997,30821,6176,37940,34276,3664,231641,70493,176910,213283,1389869,187207,60891,995526,994154,631263,353601,3040,6249,1373,2906381,16110435
2013:Q1,Hispanic,1996116,1019031,752186,266846,977085,113850,6108,15486,11228,4259,6029,695,5334,146145,21336,43120,99993,292134,187127,45757,738376,737941,546235,185015,4649,2043,435,1257740,11645060
2013:Q1,Other,5881864,2068152,1690221,377931,3813712,593278,55923,89897,80805,9092,17085,12681,4405,839093,122388,160780,406505,903449,529053,96262,1338822,1336377,1025159,286346,7527,17345,2444,4543042,12015759
2013:Q2,White,72735106,19747550,15946226,3801324,52987555,6536170,1507522,3173876,2465748,708128,1026442,918488,107954,14696787,1199663,1421074,4645184,11034501,6959840,786496,9978962,9954656,7215359,2131383,138758,469156,24306,62756144,82147553
2013:Q2,Black,3990525,1266165,952799,313366,2724361,222692,18442,34701,27659,7042,44279,40392,3887,242807,69373,179187,217317,1430602,203781,61181,1005786,1004228,636359,358739,2989,6141,1558,2984739,16213133
2013:Q2,Hispanic,2025542,1049329,785434,263896,976213,112840,5175,13686,10568,3118,6675,1039,5635,147378,19731,40319,94317,292275,197844,45975,730450,729986,540745,182224,4782,2235,465,1295092,11682911
2013:Q2,Other,6051862,2133453,1755218,378234,3918409,606483,52323,93327,68704,24623,16156,11684,4473,828587,124862,168181,407406,960723,561004,99356,1337191,1334552,1022134,287847,7987,16585,2639,4714671,12072290
2013:Q3,White,74719690,20155230,16336078,3819152,54564459,6620423,1535625,3059037,2424243,634795,1016616,909850,106767,15467704,1215695,1463763,4845395,11297088,7247188,795924,10011529,9987948,7206219,2185031,132090,464608,23581,64708161,82325930
2013:Q3,Black,4107919,1272494,965206,307288,2835425,222346,18015,33077,26135,6942,45954,41856,4098,258785,69376,187460,241646,1476510,220149,62106,1024722,1023334,647386,368626,2132,5190,1388,3083197,16334042
2013:Q3,Hispanic,2078887,1089298,826488,262810,989589,113146,4420,12713,9996,2717,6795,874,5921,152736,18596,39293,93525,293722,208171,46473,730662,730269,540614,183472,4544,1639,394,1348225,11736172
2013:Q3,Other,6289051,2202507,1825296,377212,4086543,621894,50541,89701,63270,26431,13980,9442,4538,861613,128525,179659,423805,1022042,591911,102870,1343444,1340844,1024987,293168,7151,15538,2600,4945607,12133987
2013:Q4,White,76517636,20404013,16580357,3823656,56113623,6654925,1542126,2904794,2271513,633281,1038797,934940,103857,16387432,1230441,1508787,5085312,11557501,7390627,812880,10124645,10100190,7176790,2212171,144381,566848,24454,66392991,82434059
2013:Q4,Black,4256348,1310140,999032,311108,2946208,235039,19682,40165,32941,7224,45545,41856,3688,263008,72070,198373,268103,1517349,219636,67239,1046893,1045363,647872,383306,3082,11104,1529,3209456,16475590
2013:Q4,Hispanic,2188816,1104084,837982,266102,1084732,131178,5063,14297,11375,2922,6898,1603,5295,175932,21864,44586,112756,317205,206714,48239,750690,750205,545132,192283,5206,7583,486,1438126,11807105
2013:Q4,Other,6503572,2246883,1870415,376467,4256690,634092,54870,94800,65636,29163,21903,15195,6708,917449,125613,186695,452338,1073839,591604,103487,1361642,1359040,1025249,302708,8627,22455,2603,5141930,12201181
2014:Q1,White,77854239,20596402,16781691,3814711,57257836,6814345,1531931,2898422,2276248,622174,1072975,972374,100601,17227766,1241400,1520088,5131404,11617518,7388787,813199,10090147,10064926,7139863,2199438,144395,581230,25221,67764092,82477803
2014:Q1,Black,4341816,1342261,1023544,318717,2999555,249557,21351,48401,40893,7508,46300,43013,3286,267470,74575,204286,270817,1533054,213919,69825,1047364,1045705,641087,389443,3184,11992,1659,3294452,16635231
2014:Q1,Hispanic,2297617,1134104,865860,268244,1163514,153506,5694,15926,12827,3099,7215,2523,4692,198849,25064,48402,125952,333226,200601,49078,759024,758449,543782,200298,5494,8875,575,1538594,11893381
2014:Q1,Other,6658272,2287357,1909960,377397,4370915,651917,58868,105174,73016,32158,30503,21712,8791,968746,122429,190235,462723,1097493,580263,102565,1371216,1368619,1024734,307636,8688,27561,2596,5287056,12273643
2014:Q2,White,79532529,20908466,17086575,3821892,58624063,6840754,1465397,2947022,2230877,716145,1060818,963326,97492,18128722,1257416,1539885,5249729,11680858,7636042,817419,10108903,10082625,7123164,2230513,148843,580104,26278,69423627,82467035
2014:Q2,Black,4461907,1388124,1063342,324783,3073783,262992,22760,55564,47656,7909,42701,39794,2907,273104,77762,212054,283253,1551656,218683,73254,1062750,1060907,636888,408299,3703,12016,1843,3399158,16809177
2014:Q2,Hispanic,2428617,1175523,902682,272841,1253094,171801,6193,17819,14091,3728,7117,2994,4123,222579,28582,52813,141631,350225,204079,50256,768427,767746,545026,207352,5989,9379,681,1660190,11991527
2014:Q2,Other,6844997,2331752,1953723,378029,4513245,665088,61177,110809,78073,32737,38020,27264,10756,1026363,119852,194959,480679,1123333,590855,102109,1391048,1388424,1028806,317837,9373,32408,2624,5453948,12351007
2014:Q3,White,79827249,21197775,17361426,3836350,58629474,6900511,1485988,2949696,2237336,712360,1083762,989563,94199,17801859,1265678,1524362,5197962,11720337,7882569,816750,10042830,10017037,7114931,2264471,147051,490584,25793,69784419,82411625
2014:Q3,Black,4552101,1437001,1100004,336996,3115100,277167,24730,63392,55132,8260,42365,39828,2536,269611,80312,214256,274674,1568715,223862,76018,1079298,1077525,637855,429121,3692,6857,1772,3472803,16993640
2014:Q3,Hispanic,2540238,1212181,934167,278015,1328056,191470,6946,19440,15462,3978,7485,3910,3575,237337,31860,55611,151808,366953,207950,51197,781610,780894,550840,218601,6287,5166,716,1758628,12098066
2014:Q3,Other,6932484,2382274,2000106,382168,4550210,680160,66389,120993,85003,35990,46914,34293,12621,990268,116542,195901,482403,1147078,602330,101232,1413724,1411238,1035729,330752,9231,35527,2486,5518760,12432904
2014:Q4,White,80917750,21354432,17518656,3835776,59563318,6950166,1501430,2886789,2218819,667971,1051456,960201,91255,18407024,1282847,1538915,5266464,11772910,8087428,817890,10043381,10017931,7102634,2292684,151180,471433,25449,70874369,82321444
2014:Q4,Black,4661040,1478551,1130083,348467,3182489,291521,26762,70410,61822,8588,36563,34374,2190,273824,83905,221816,281686,1589051,227722,79228,1098955,1097229,639083,448059,4300,5787,1726,3562085,17184830
2014:Q4,Hispanic,2657535,1241878,959896,281982,1415657,211059,7719,20741,16699,4043,7271,4214,3058,259337,35622,60059,166061,384847,210632,52309,796557,795798,556972,227244,6878,4705,759,1860978,12209522
2014:Q4,Other,7099132,2422617,2037082,385535,4676515,695315,71649,130823,90602,40221,54207,39829,14378,1027670,114201,200421,496352,1174152,611141,100584,1436883,1434520,1042818,341553,9984,40165,2363,5662249,12518967
2015:Q1,White,81990641,21566809,17728657,3838153,60423832,7200263,1462128,2886939,2321942,564996,1043932,956968,86963,18775533,1298709,1541719,5330754,11812742,8253616,817496,9978724,9952433,7055782,2271485,156793,468373,26290,72011917,82206364
2015:Q1,Black,4770370,1518633,1159603,359031,3251737,308779,28463,80548,71888,8660,33071,31250,1821,276417,87477,227597,288464,1608360,230283,82280,1104027,1102142,638837,452433,5196,5676,1885,3666344,17378959
2015:Q1,Hispanic,2790158,1282860,996290,286571,1507297,237780,8333,22274,18501,3773,7399,4865,2534,279660,39411,64031,180256,402666,212132,53355,812099,811239,561627,236879,7606,5126,860,1978059,12322421
2015:Q1,Other,7271677,2476700,2088114,388586,4794977,719603,75080,146369,102152,44217,62623,46616,16007,1047852,111753,203758,510273,1200433,617417,99816,1449648,1447276,1044691,346306,11092,45188,2372,5822029,12608830
2015:Q2,White,82510916,21906865,18037718,3869147,60604051,7220118,1434653,2762070,2317982,444088,1017194,934289,82905,18827635,1303978,1543150,5304857,11840138,8531642,818615,10018910,9991968,7057742,2301300,163379,469547,26942,72492006,82076255
2015:Q2,Black,4881692,1580598,1204391,376207,3301094,323214,30271,87150,78910,8240,27452,25978,1474,276517,90004,233272,283873,1626081,237584,85676,1133553,1131538,648024,471283,6405,5827,2015,3748139,17572239
2015:Q2,Hispanic,2918703,1330443,1036770,293673,1588260,256768,8993,23089,19791,3298,7344,5303,2041,297354,42791,68021,191261,420251,217875,54513,837084,836130,574713,247156,8470,5791,954,2081620,12433287
2015:Q2,Other,7404792,2533733,2137675,396058,4871059,734433,78988,153491,108364,45127,70528,53036,17492,1044231,108188,207060,515379,1225734,633803,99223,1479416,1477056,1056132,358003,12563,50358,2360,5925377,12702124
2015:Q3,White,81530008,22219784,18331638,3888146,59310224,7217756,1490576,3066260,2630347,435914,990954,912706,78248,17337232,1301393,1504295,5041428,11841007,8692926,826397,10045968,10019186,7064959,2337749,167202,449276,26782,71484040,81940989
2015:Q3,Black,4931957,1628651,1249830,378821,3303306,337350,32863,105650,97165,8484,21663,20531,1132,263178,91709,231826,249091,1639436,240218,90323,1164078,1162075,656922,493056,7435,4662,2003,3767878,17760880
2015:Q3,Hispanic,3018729,1377749,1076729,301020,1640980,274943,9997,26309,22853,3455,7346,5780,1566,300890,45852,69962,193405,436794,219374,56108,863131,862122,587611,259942,9292,5277,1009,2155598,12538645
2015:Q3,Other,7400169,2592004,2196295,395709,4808164,748502,86404,180289,132735,47553,78635,59850,18785,920855,103750,205742,496254,1247591,640813,99330,1512295,1510037,1068844,372319,13715,55159,2257,5887874,12798481
2015:Q4,White,82591470,22437327,18535018,3902309,60154142,7388904,1510317,2850648,2669951,180697,968238,893906,74333,17982491,1312152,1532172,5160583,11884066,8728076,836494,10008383,9981618,7089281,2280819,179239,432279,26765,72583086,81810437
2015:Q4,Black,5044367,1668401,1284206,384195,3375966,353971,35211,111436,106439,4997,15884,15061,823,268205,94835,242186,262772,1658389,237645,95432,1164446,1162431,663433,485136,10182,3679,2015,3879921,17941094
2015:Q4,Hispanic,3148427,1418388,1111050,307337,1730039,299259,10887,26188,24491,1697,7450,6320,1130,323061,49539,75412,209164,455077,216164,57837,879769,878698,598606,264486,10668,4938,1071,2268658,12635018
2015:Q4,Other,7576731,2646820,2250036,396784,4929911,770697,92608,172344,142141,30203,87128,67167,19960,964283,100689,212288,516217,1276542,637429,99686,1533530,1531360,1084485,369789,17016,60070,2169,6043202,12897536
2016:Q1,White,83361695,22628828,18706338,3922489,60732867,7583788,1477534,2946127,2784356,161771,988985,917199,71787,18239250,1323887,1537949,5211385,11916528,8665371,842062,9966864,9939211,7064559,2270230,182024,422398,27653,73394831,81694471
2016:Q1,Black,5148361,1713764,1314974,398790,3434597,370902,37086,123573,118830,4743,14210,13657,553,269701,98031,248504,267637,1674310,230933,99709,1176220,1174031,668228,491037,11639,3127,2189,3972141,18109092
2016:Q1,Hispanic,3268114,1458369,1145397,312972,1809745,324325,11558,28196,26570,1626,8220,7488,732,341305,53264,79691,222166,472586,209220,59212,899966,898787,607573,274555,11669,4990,1179,2368148,12718932
2016:Q1,Other,7722943,2697679,2294687,402992,5025264,794343,96683,185636,156457,29180,97957,76817,21140,977858,97675,216295,529277,1304102,625878,99558,1554023,1551839,1091721,376415,18548,65156,2184,6168919,12998919
2016:Q2,White,84592474,23037364,19094585,3942778,61555110,7537206,1404435,3013760,2906500,107260,984654,914845,69809,18736937,1344563,1559231,5277231,11961824,8883951,851319,10004890,9976619,7071925,2297089,180677,426928,28272,74587583,81602960
2016:Q2,Black,5290735,1781129,1362024,419105,3509605,383835,38462,135393,131907,3486,9662,9359,303,273173,102143,257460,274135,1695143,235589,104611,1204577,1202263,679148,507249,12392,3474,2314,4086157,18261085
2016:Q2,Hispanic,3392094,1502463,1184980,317483,1889631,340019,12010,29887,28714,1174,8694,8337,357,361413,57368,84738,235370,487015,212356,60761,925864,924592,621750,284468,12528,5846,1272,2466230,12786911
2016:Q2,Other,7910322,2766791,2354433,412358,5143531,806785,98828,193721,171784,21937,108136,85839,22297,1010575,95565,222182,543939,1325473,638531,99797,1584899,1582732,1105035,387987,19143,70566,2167,6325423,13102264
2016:Q3,White,85872747,23397669,19433964,3963705,62475078,7703289,1363332,2862209,2830319,31890,955755,888514,67241,19287437,1359018,1584665,5408909,12015918,9077016,857530,10074321,10046746,7099202,2335541,179471,432532,27575,75798427,81545776
2016:Q3,Black,5395489,1815857,1401471,414386,3579632,399696,40093,137040,135858,1182,2228,2171,56,276857,105450,266916,288686,1714902,238927,108837,1235177,1232983,688356,527426,13315,3886,2194,4160311,18393285
2016:Q3,Hispanic,3546179,1571506,1247346,324160,1974673,363033,12577,29891,29507,385,8854,8854,0,381436,61102,89900,250678,500991,214214,61996,951915,950619,634358,296011,13497,6753,1296,2594264,12835479
2016:Q3,Other,8090191,2828794,2419854,408940,5261398,829333,102339,181099,173478,7621,117505,94229,23276,1047619,92685,228587,565577,1347923,649058,99673,1621977,1619982,1121432,402612,19909,76029,1995,6468215,13207203
2016:Q4,White,86275113,23677856,19691209,3986648,62597257,7806833,1341583,2726590,2726590,0,934414,866901,67513,19430505,1350188,1571422,5429850,12078774,9057738,869359,10110403,10083995,7109272,2378637,179302,416784,26408,76164710,81530683
2016:Q4,Black,5458486,1845022,1434642,410380,3613464,408549,39039,124296,124296,0,715,617,98,280077,109218,264694,301882,1737781,236128,111086,1253979,1251907,695053,542292,12006,2556,2072,4204507,18502596
2016:Q4,Hispanic,3539853,1578995,1250395,328600,1960858,357465,12440,28154,28154,0,7952,7817,135,363782,58965,90881,250455,512946,214224,63594,962463,961259,643259,298936,13811,5253,1203,2577390,12862137
2016:Q4,Other,8324737,2937731,2526630,411101,5387005,861595,101300,167194,167194,0,117130,94370,22759,1126408,99122,219846,580253,1333269,678045,102843,1653523,1651508,1144346,416572,18178,72412,2015,6671214,13313438
2017:Q1,White,88139820,23983454,19963042,4020412,64156366,8005250,1303128,2713921,2713921,0,948595,881425,67170,20498798,1356641,1612916,5639004,12171598,9035965,870551,10132333,10105070,7122267,2368880,177150,436772,27263,78007487,81557012
2017:Q1,Black,5565609,1865593,1451402,414191,3700016,418362,37694,116808,116808,0,3079,2944,135,291132,114562,272184,339850,1762508,232718,111117,1253812,1251491,698298,539414,10294,3485,2321,4311797,18588695
2017:Q1,Hispanic,3574184,1606545,1273919,332626,1967639,354662,12183,27398,27398,0,7595,7316,279,353505,57416,94601,257073,525190,213685,64330,969634,968422,648910,299828,13938,5747,1211,2604550,12868284
2017:Q1,Other,8690965,3048430,2630457,417973,5642534,898766,99329,167215,167215,0,118326,96246,22080,1284103,107341,217625,615516,1322294,707171,104848,1677064,1674788,1167053,422302,15965,69468,2276,7013900,13420946
2017:Q2,White,89708438,24362421,20321734,4040687,65346016,7900328,1287280,2803130,2803130,0,938623,870254,68369,21074488,1355787,1638714,5774879,12261462,9435573,875752,10219144,10191724,7150842,2399639,185362,455881,27419,79489294,81621987
2017:Q2,Black,5667918,1890313,1480548,409765,3777606,422564,36566,113144,113144,0,2695,2500,195,297170,118923,276304,368257,1783816,246464,111703,1269594,1267156,703377,548440,10985,4355,2437,4398325,18651950
2017:Q2,Hispanic,3602691,1637099,1301813,335286,1965592,339749,12029,27259,27259,0,6880,6440,441,336877,55411,97299,260251,536320,228294,65223,978667,977486,655905,300629,14777,6174,1181,2624024,12856296
2017:Q2,Other,9036427,3155370,2735040,420331,5881057,921028,98457,174398,174398,0,118314,96792,21522,1405514,114816,213333,643182,1309674,775062,107278,1712019,1709562,1192436,434001,16726,66399,2456,7324408,13529774
2017:Q3,White,91056463,24721619,20664735,4056884,66334844,7919132,1342231,2718220,2718220,0,926195,859213,66982,21715441,1361025,1667047,5947143,12354936,9486458,897017,10302566,10275257,7188716,2438098,183979,464464,27309,80753897,81722831
2017:Q3,Black,5746472,1905244,1503898,401346,3841228,428169,36204,102361,102361,0,2300,2076,224,303217,123805,280445,401599,1802782,245194,115152,1285766,1283266,710312,558931,9485,4538,2500,4460706,18692733
2017:Q3,Hispanic,3617618,1663440,1326189,337251,1954178,328967,12239,25948,25948,0,6180,5578,602,319503,53602,99959,264326,546687,229661,67107,990222,989086,664283,303932,14883,5988,1135,2627397,12828548
2017:Q3,Other,9373281,3271727,2851054,420673,6101554,949520,101179,169125,169125,0,117847,97279,20568,1536096,123061,209213,675206,1296529,812295,111482,1748110,1745503,1219490,448222,14798,62994,2607,7625171,13639966
2017:Q4,White,93153967,25018288,20914228,4104060,68135680,8026016,1413114,2749112,2749112,0,882360,815621,66739,22860495,1366810,1701432,6146894,12454596,9630957,903893,10422439,10395332,7221123,2488880,187152,498176,27107,82731528,81856768
2017:Q4,Black,5831323,1916317,1519013,397303,3915006,434614,35840,95789,95789,0,270,0,270,313032,128567,285264,438681,1819851,247436,115662,1305519,1302978,715240,572394,9013,6331,2542,4525804,18711411
2017:Q4,Hispanic,3636766,1685678,1344032,341646,1951088,321007,12496,25340,25340,0,5085,4305,781,305141,51747,102774,268963,556476,234158,67899,1000072,998989,670810,305682,15294,7203,1083,2636693,12787415
2017:Q4,Other,9787362,3393890,2969263,424627,6393472,982674,104572,172043,172043,0,115486,95815,19670,1714453,131452,205722,710692,1283345,858938,114096,1785941,1783194,1245172,463829,14144,60050,2747,8001421,13751571
2018:Q1,White,93908264,25498823,21346211,4152611,68409442,8279892,1385945,2813639,2813639,0,871592,805422,66170,22743433,1367696,1697307,6097336,12543967,9696647,911987,10456057,10427307,7238417,2479915,192119,516856,28749,83452207,82021021
2018:Q1,Black,5868857,1939955,1540732,399223,3928901,442852,34374,89923,89923,0,315,0,315,311390,132575,282419,440517,1832392,245934,116210,1297547,1294622,712469,566111,8903,7139,2925,4571310,18708356
2018:Q1,Hispanic,3641457,1716570,1371578,344992,1924887,318014,12233,24874,24874,0,4482,3513,970,279402,49611,103413,263687,565057,235432,68682,999836,998713,670822,304529,15813,7550,1123,2641621,12735272
2018:Q1,Other,10085271,3542938,3110884,432054,6542333,1023681,103002,177359,177359,0,114817,96162,18654,1785514,139356,197169,718344,1267347,898899,116845,1810044,1806928,1266981,469321,13949,56677,3116,8275227,13864633
2018:Q2,White,94933799,25816600,21618742,4197858,69117199,8195659,1420940,2944356,2944356,0,867514,802095,65419,23053158,1374237,1710896,6174979,12645341,9814049,916070,10537468,10508972,7284283,2505099,204915,514676,28496,84396331,82212815
2018:Q2,Black,5913580,1951501,1554013,397488,3962079,444854,33442,85386,85386,0,359,0,359,312917,137019,282461,459569,1844053,246209,115809,1303400,1300452,713775,569667,10426,6584,2948,4610180,18683935
2018:Q2,Hispanic,3629811,1733342,1385469,347873,1896469,302462,12269,24676,24676,0,4000,2829,1171,256565,47703,104864,262967,573487,238359,69116,1002489,1001423,674487,303315,16904,6716,1066,2627322,12674495
2018:Q2,Other,10387266,3641652,3203971,437680,6745614,1047319,104466,187536,187536,0,114430,96895,17534,1896619,147997,190702,740490,1252388,944524,119143,1846197,1842943,1294306,480093,15810,52734,3254,8541069,13979199
2018:Q3,White,96702708,26163488,21929832,4233656,70539220,8053699,1419359,3143638,3143638,0,868150,803388,64762,24009826,1382737,1726650,6360097,12761292,9887910,925863,10648154,10619177,7338945,2553291,205508,521433,28977,86054554,82429373
2018:Q3,Black,5971772,1960054,1567236,392818,4011718,445240,32107,81637,81637,0,409,0,409,319322,141465,282485,493209,1855272,244264,116309,1315614,1312510,716817,579776,9327,6591,3103,4656159,18638519
2018:Q3,Hispanic,3618428,1745669,1396055,349614,1872759,284841,12113,24642,24642,0,3610,2220,1390,238080,45862,106323,265984,581967,239467,69870,1009669,1008623,679826,305375,17048,6374,1046,2608759,12607458
2018:Q3,Other,10772090,3749430,3307801,441629,7022660,1067839,104072,202986,202986,0,114218,97897,16321,2069252,156957,184352,775227,1239004,986661,122091,1886340,1882854,1323432,496123,14401,48899,3485,8885750,14095316
2018:Q4,White,92979005,25844836,21557013,4287822,67134170,8196219,1574082,3348803,3348803,0,843977,779664,64312,20741088,1362189,1653020,5791565,12827132,9856134,939962,10731044,10703113,7374961,2601612,222670,503870,27931,82247962,82667918
2018:Q4,Black,5811466,1923267,1537802,385465,3888198,449743,31848,76714,76714,0,465,0,465,290107,142423,265622,420513,1855775,237555,117434,1324554,1321583,715914,588887,11759,5023,2971,4486911,18572478
2018:Q4,Hispanic,3506403,1718845,1365509,353336,1787558,277296,12663,24416,24416,0,2989,1356,1633,188069,42694,103128,240993,587891,236563,70855,1011298,1010349,682083,305149,18435,4682,949,2495105,12536538
2018:Q4,Other,10551235,3735502,3290520,444982,6815733,1103730,111071,219212,219212,0,112207,97210,14997,1857576,162567,166132,722858,1215879,1018959,125543,1925447,1921920,1348659,511394,17463,44404,3527,8625788,14213029
2019:Q1,White,97467319,25824866,21487815,4337051,71642453,8389884,1689060,3537272,3537272,0,842688,777996,64692,23881328,1380277,1730482,6272765,12997746,9979627,941324,10725052,10696184,7387180,2594600,210892,503511,28868,86742268,82925674
2019:Q1,Black,5924043,1913220,1515700,397520,4010824,454429,31002,70192,70192,0,541,0,541,313696,147488,276257,493982,1870240,236994,116003,1305327,1302127,710211,579295,8067,4554,3200,4618717,18486181
2019:Q1,Hispanic,3513434,1706071,1351921,354149,1807363,271448,12975,23936,23936,0,2684,766,1917,184779,41288,107606,254613,597846,239230,70959,1006666,1005716,680655,303521,17595,3945,950,2506768,12464108
2019:Q1,Other,11163271,3783740,3324529,459212,7379530,1142704,115868,234476,234476,0,111479,97947,13532,2236796,172838,167539,792497,1210385,1067399,127549,1942728,1938908,1368891,517054,12753,40209,3820,9220543,14332385
2019:Q2,White,99703923,26623568,22251828,4371740,73080354,8248333,1650768,3774761,3774761,0,855037,789843,65194,24585331,1384604,1774819,6440901,13140111,10278722,946966,10829597,10801377,7431086,2634578,217503,518210,28220,88874325,83199866
2019:Q2,Black,6001932,1945364,1550422,394942,4056568,452991,29237,63217,63217,0,812,186,626,316424,150771,280321,523106,1881139,243332,115219,1313530,1310397,714794,582381,8188,5034,3133,4688402,18379997
2019:Q2,Hispanic,3528709,1742122,1387323,354799,1786587,254143,12642,23369,23369,0,2577,336,2241,163296,39275,110326,256542,604916,248174,71327,1015748,1014873,688491,304198,18151,4034,875,2512961,12392546
2019:Q2,Other,11660479,3977602,3512486,465116,7682877,1163627,113667,253969,253969,0,111446,99595,11851,2395694,181575,164503,826166,1207508,1134663,130058,1980629,1976714,1396593,530950,12896,36274,3915,9679850,14453430
2019:Q3,White,100076041,26654465,22231489,4422976,73421576,8220248,1876683,3821137,3821137,0,875967,810041,65926,24367434,1389765,1803393,6474829,13278166,10363808,950146,10936121,10907391,7484636,2682200,213181,527374,28730,89139919,83487715
2019:Q3,Black,5967558,1908215,1529259,378957,4059343,452812,28509,52704,52704,0,3356,2631,725,311381,153901,281092,532632,1888643,240475,113838,1319297,1316026,716681,587872,6325,5147,3272,4648261,18254296
2019:Q3,Hispanic,3525348,1774995,1416395,358601,1750353,240974,13327,22334,22334,0,2635,18,2617,135322,37324,112222,253619,611719,249342,71534,1024113,1023258,694859,306732,17851,3815,855,2501235,12324224
2019:Q3,Other,11881912,4016125,3551935,464190,7865787,1190896,122969,258347,258347,0,111612,101718,9894,2471030,190514,159263,844385,1203353,1181121,132298,2019866,2015707,1425801,547343,10443,32119,4159,9862046,14576210
2019:Q4,White,102768326,26612808,22150234,4462574,76155518,8612976,1987798,3703340,3703340,0,861871,797180,64691,26131575,1402812,1827646,6820132,13421061,10414111,972196,11036449,11007771,7532907,2727216,216899,530749,28678,91731877,83786869
2019:Q4,Black,6020499,1918363,1539112,379251,4102135,448992,30128,50767,50767,0,6170,5499,671,316103,152424,283783,554502,1899207,242274,117788,1340104,1336913,717504,606271,7354,5783,3191,4680395,18109310
2019:Q4,Hispanic,3492008,1721961,1363549,358412,1770047,249876,14286,22725,22725,0,2234,0,2234,150916,37652,110441,258995,610192,241055,71674,1019819,1018971,693871,303721,16935,4443,848,2472189,12261325
2019:Q4,Other,12133634,3990055,3518948,471106,8143579,1211404,125645,261179,261179,0,110938,99947,10991,2655395,193361,168540,888664,1232264,1161361,134828,2053305,2049126,1447037,554982,13010,34096,4179,10080330,14700758
2020:Q1,White,97542138,27392812,22898086,4494726,70149326,9026738,2409129,3620775,3609912,10863,968657,904904,63753,20047379,1405644,1716128,5972599,13428930,10578715,974632,11055238,11024656,7566519,2676567,238288,543282,30582,86486900,84096658
2020:Q1,Black,5849250,1962962,1583648,379314,3886288,444675,32460,49137,49050,87,19101,18475,626,259361,149671,262254,416816,1886559,248260,117994,1328472,1325021,712614,593902,11553,6953,3451,4520778,17944713
2020:Q1,Hispanic,3439435,1749963,1392432,357531,1689472,259390,16313,23059,23027,32,2783,881,1902,114180,37543,102073,223021,603529,236993,70588,1010546,1009612,689113,297690,17263,5547,934,2428889,12205248
2020:Q1,Other,11630831,4114013,3636048,477965,7516818,1232570,140518,265595,264892,703,118285,106325,11960,2090254,194978,159621,790184,1236651,1153096,135066,2070656,2066205,1464848,544959,20083,36315,4450,9560175,14827050
2020:Q2,White,104156131,27852944,23358431,4494513,76303187,9878709,2606397,3276353,3149304,127049,959519,897039,62480,24360537,1438885,1831649,6753941,13532635,10670881,993681,11055533,11025614,7618135,2646993,232028,528457,29920,93100598,84416835
2020:Q2,Black,5997104,1985527,1613281,372246,4011577,445729,34094,43670,43045,625,21366,20788,578,284318,149957,280091,494826,1885735,250854,120938,1316625,1313370,709160,587233,10542,6435,3254,4680479,17760045
2020:Q2,Hispanic,3520495,1758942,1404751,354191,1761553,283231,17549,22332,21970,362,2324,723,1601,146151,38763,104908,244115,601026,230560,70594,999130,998232,686823,290468,15746,5195,898,2521364,12157197
2020:Q2,Other,12269409,4165857,3686191,479666,8103552,1276503,146237,240924,235840,5084,118064,105237,12827,2520067,200314,181354,887441,1258330,1137068,137249,2086439,2082047,1486450,537772,19946,37878,4392,10182971,14955051
2020:Q3,White,108324691,28908851,24293162,4615689,79415839,10158320,2456702,3107547,3107547,0,923210,861417,61793,26618945,1470870,1903547,7120550,13613197,11017980,1024971,11237095,11207435,7727813,2677588,223659,578375,29660,97087595,84747153
2020:Q3,Black,6107811,2056345,1665252,391094,4051466,437755,34905,41854,41854,0,21017,20474,543,292356,149859,289545,516871,1878631,262945,125728,1332193,1329067,712067,597991,9275,9734,3126,4775618,17554844
2020:Q3,Hispanic,3599682,1806772,1446105,360667,1792910,288231,17615,22131,22131,0,1660,317,1343,164340,39934,105656,250876,597997,233070,71401,1003649,1002767,691529,288790,14234,8215,882,2596033,12118379
2020:Q3,Other,12775796,4333804,3831623,502181,8441992,1289472,138925,241361,241361,0,115876,102269,13607,2754795,205533,197341,935231,1275697,1146877,140885,2128181,2123796,1520209,543251,19272,41063,4385,10647616,15084724
2020:Q4,White,115566474,29862435,25135607,4726829,85704039,10827446,2368336,3126681,3126681,0,948205,887336,60869,31024475,1516654,1965822,7763777,13787606,11338017,1037021,11448740,11419844,7838674,2708518,226800,645852,28896,104117734,85087367
2020:Q4,Black,6275057,2121450,1715413,406037,4153607,434188,35570,41332,41332,0,25569,25063,505,315410,150906,296602,571819,1882102,273220,126888,1340742,1337830,703867,610142,9929,13892,2912,4934315,17328646
2020:Q4,Hispanic,3715031,1851000,1484450,366550,1864031,305973,17826,22521,22521,0,1601,491,1109,196470,41706,106003,267079,599083,234722,71048,997481,996637,688266,282799,13497,12074,844,2717550,12089999
2020:Q4,Other,13548129,4474536,3951678,522858,9073592,1322297,133892,251792,251792,0,117885,103580,14305,3199957,212487,212154,1017111,1310253,1153515,142250,2170465,2166153,1552388,547567,21461,44737,4312,11377664,15216032
2021:Q1,White,120482799,31232531,26414468,4818064,89250268,11633540,2452213,2522312,2522312,0,954502,892264,62238,33618624,1525692,1957369,8004550,13906216,11629861,1045389,11578764,11548237,7928200,2700776,224188,695073,30527,108904035,85437228
2021:Q1,Black,6351706,2201714,1779482,422232,4149992,431258,36652,33496,33496,0,28082,27576,506,324050,147966,291304,574149,1874253,281613,127170,1333860,1330765,696243,608074,9618,16830,3094,5017846,17080991
2021:Q1,Hispanic,3827826,1923827,1553499,370328,1904000,328178,18671,19784,19784,0,1395,471,924,216592,41936,103038,269873,598480,235529,70525,993506,992589,686829,278306,12505,14949,917,2834320,12073260
2021:Q1,Other,14113454,4702989,4158395,544594,9410465,1361365,135570,205113,205113,0,118556,103503,15053,3472373,214936,217447,1050537,1334508,1156890,143171,2201147,2196595,1581135,545334,22132,47995,4552,11912307,15348939
2021:Q2,White,127216116,33753974,28701546,5052428,93462142,11749010,2439563,2448279,2376039,72240,972701,909698,63004,36439727,1555532,2006073,8426366,14048726,12323678,1052487,12066238,12036279,8252338,2846849,222118,714974,29959,115149878,85796490
2021:Q2,Black,6564328,2375385,1910838,464547,4188943,419190,37258,31502,31055,447,31286,30790,496,333334,146877,294814,596951,1866412,304328,126992,1400491,1397583,721945,648249,9383,18006,2908,5163837,16811416
2021:Q2,Hispanic,4025892,2075295,1689731,385563,1950597,328262,19140,19349,19125,225,1303,557,746,238196,43080,102916,278942,599364,250053,69992,1028863,1027973,717600,282431,11618,16325,889,2997029,12069369
2021:Q2,Other,14980946,5125175,4534752,590423,9855772,1365111,133566,202705,198342,4363,120135,104379,15755,3769232,219981,230630,1106445,1363131,1200904,143931,2311425,2306921,1660809,572700,22883,50530,4504,12669521,15483408
2021:Q3,White,130258675,35268566,30040904,5227662,94990110,11936730,2380294,2536363,2387648,148716,1010172,946257,63915,36872273,1571778,2023965,8405977,14145088,13035063,1072406,12290008,12260014,8398441,2900192,228879,732502,29994,117968667,86164906
2021:Q3,Black,6621730,2477825,1989092,488733,4143905,407513,37498,31177,30477,699,35687,35198,488,325432,144215,292732,565866,1848831,326340,128613,1422507,1419689,733897,656438,10389,18965,2818,5199223,16519458
2021:Q3,Hispanic,4138146,2168709,1771779,396929,1969437,330990,19404,19839,19382,457,1382,800,582,244272,43689,101427,273727,599087,265305,70316,1053142,1052252,737766,285695,11206,17585,891,3085004,12079531
2021:Q3,Other,15384458,5365873,4742018,623855,10018585,1372322,129792,212519,205398,7121,123141,106693,16448,3833819,223358,239697,1108316,1383101,1246294,146226,2371787,2367252,1705632,582768,25825,53028,4535,13012671,15619403
2021:Q4,White,134047367,35983523,30567042,5416481,98063844,12440930,2467465,2213313,2212636,677,1026035,961313,64723,38671015,1587933,2026447,8778200,14310209,13456660,1085638,12541694,12511500,8558519,2964763,253091,735127,30194,121505673,86542230
2021:Q4,Black,6667283,2527661,2016542,511120,4139622,398815,38245,27726,27721,5,38045,37567,478,326239,141327,287726,579524,1836937,336208,128831,1446494,1443743,743760,666883,14041,19058,2751,5220789,16204656
2021:Q4,Hispanic,4229247,2216718,1806765,409953,2012529,344187,20294,18459,18457,2,1282,854,428,259463,44341,99320,281786,602150,270940,70307,1076583,1075683,758810,287206,11554,18113,900,3152663,12104950
2021:Q4,Other,15793259,5456010,4797608,658403,10337249,1395176,131756,194602,194549,53,124658,107539,17120,4033550,226738,246731,1158768,1415823,1261733,147714,2440761,2436172,1753401,593868,33746,55157,4588,13352498,15756888
2022:Q1,White,134707905,38350774,32731215,5619559,96357131,12755483,2440660,2311623,2311623,0,1115240,1052895,62345,36796187,1582208,1946728,8384210,14071041,13856923,1096828,12709365,12677793,8692879,2990747,258000,736167,31572,121998540,86928214
2022:Q1,Black,6620245,2662011,2125561,536449,3958234,387419,38330,28095,28095,0,46013,45587,425,302633,136225,269985,507634,1769426,344061,128414,1458514,1455656,761693,660348,14596,19019,2858,5161731,15866548
2022:Q1,Hispanic,4351954,2367969,1943819,424150,1983985,351705,20701,19298,19298,0,1830,1558,272,250845,44129,93426,265286,590396,276113,70257,1113278,1112313,790173,292511,11046,18584,965,3238676,12146832
2022:Q1,Other,15991122,5862678,5165001,697677,10128444,1408299,129338,209350,209350,0,131349,113861,17487,3870130,227374,242461,1114209,1372350,1274634,148950,2496263,2491465,1799243,598614,36343,57265,4799,13494859,15895825
2022:Q2,White,129813643,40272041,34541955,5730086,89541602,12671336,2494658,2534085,2534085,0,1079241,1019644,59597,30509244,1562253,1846749,7483733,13790639,14453543,1116120,12941778,12910752,8873940,3076490,268636,691687,31026,116871865,87322611
2022:Q2,Black,6445504,2764723,2229362,535360,3680781,371477,38664,29695,29695,0,43899,43526,372,251343,129749,249504,389024,1691055,357491,128881,1475262,1472594,766740,673183,15990,16680,2668,4970242,15504672
2022:Q2,Hispanic,4398306,2492906,2060132,432774,1905399,346937,21489,20956,20956,0,1321,1187,134,213292,43379,86677,233007,579311,288240,70791,1137367,1136424,813368,295464,10776,16816,943,3260939,12206381
2022:Q2,Other,15540196,6143786,5428009,715777,9396410,1401414,130090,236882,236882,0,129137,111424,17713,3262427,226201,235371,1005265,1311224,1307230,151168,2569308,2564555,1851667,613989,40720,58178,4753,12970889,16036178
2022:Q3,White,127340804,39516900,33663945,5852955,87823904,12507323,2575467,3010303,3010303,0,1025265,967907,57358,28967890,1564731,1784227,7189859,13610385,14450287,1138169,13172302,13141207,9033559,3148099,273206,686344,31095,114168502,87725176
2022:Q3,Black,6168615,2669007,2131363,537643,3499608,354531,38996,33648,33648,0,40404,40075,329,231318,125172,234719,338469,1624235,348771,129344,1473331,1470762,755609,682547,16302,16303,2569,4695283,15118565
2022:Q3,Hispanic,4270997,2405396,1962806,442589,1865602,340091,22433,24121,24121,0,708,696,12,206980,43632,81803,220931,572903,280409,71590,1148978,1148028,824198,296519,10290,17021,950,3122019,12284804
2022:Q3,Other,15099022,5901647,5163342,738304,9197376,1390340,131896,292152,292152,0,125436,107536,17900,3124787,227856,233487,971585,1267894,1278219,153724,2632091,2627302,1896824,627122,43212,60144,4789,12466932,16177911
2022:Q4,White,128253691,38662471,32771666,5890806,89591220,12182536,2720687,3767571,3767571,0,981526,926359,55168,30413913,1582474,1795344,7501447,13418643,14065480,1161599,13267180,13237983,9123040,3210325,283517,621100,29198,114986511,87740163
2022:Q4,Black,6166383,2657433,2112596,544837,3508950,351425,39703,40982,40982,0,37377,37073,305,240326,126653,236196,367636,1600552,335448,132652,1492273,1489975,758104,700745,17976,13151,2298,4674110,15116267
2022:Q4,Hispanic,4258013,2387555,1940031,447524,1870458,331293,23232,28130,28130,0,385,374,11,217699,44585,82740,232089,568391,268527,73387,1156095,1155228,831604,299100,10703,13821,868,3101918,12347974
2022:Q4,Other,15400234,5887708,5131559,756148,9512526,1394102,139396,379346,379346,0,123745,105915,17830,3317131,233375,238342,1025391,1246650,1256234,158814,2700736,2696138,1941345,648269,47254,59270,4598,12699498,16408955
2023:Q1,White,131121602,38837019,32887350,5949669,92284583,11840656,3042366,4286314,4286314,0,958760,903632,55128,32231686,1611670,1865982,7857588,13516550,13897900,1175110,13272259,13242353,9165689,3197550,265212,613901,29906,117849343,87781563
2023:Q1,Black,6252903,2674557,2121692,552866,3578345,348627,41060,45782,45782,0,35763,35458,305,251885,129250,246310,401723,1613527,329763,134656,1477837,1475438,744708,702922,15022,12785,2398,4775066,15134598
2023:Q1,Hispanic,4321025,2417139,1961449,455690,1903886,322631,24833,30497,30497,0,207,196,11,231592,46138,86769,245425,576559,264458,74777,1144600,1143693,824252,295775,10136,13531,906,3176426,12446519
2023:Q1,Other,15987946,6016177,5239054,777123,9971769,1400155,154011,445413,445413,0,124009,105902,18107,3560355,241034,252355,1088605,1283983,1258726,163123,2739882,2735110,1977405,655737,41856,60112,4772,13248064,16683976
2023:Q2,White,135734030,40737158,34731155,6006004,94996871,11671532,3228299,4318268,4318268,0,958880,904566,54314,34074935,1630383,1921137,8207839,13613419,14185734,1186446,13369901,13340028,9229136,3228892,257905,624094,29874,122364128,87717343
2023:Q2,Black,6458879,2794418,2229422,564996,3664461,347713,41763,46177,46177,0,35911,35614,297,263888,131179,254699,437080,1629109,340312,136629,1491658,1489257,746360,715620,13971,13306,2400,4967221,15159650
2023:Q2,Hispanic,4460421,2517997,2057721,460276,1942424,317432,25613,30638,30638,0,215,204,11,244173,46983,89506,257067,580797,274461,75539,1143969,1143063,825206,293919,9882,14056,906,3316452,12447442
2023:Q2,Other,16874380,6492361,5695790,796571,10382019,1406107,162664,454000,454000,0,125270,107109,18161,3791903,246090,263088,1146362,1317421,1302797,166318,2785131,2780313,2011039,668241,39989,61043,4818,14089249,16851101
2023:Q3,White,134798383,41085386,35079016,6006370,93712997,11513091,3418798,4397557,4397557,0,900355,845993,54363,32843399,1619411,2093462,8018180,13468905,14243173,1196666,13491396,13461019,9316525,3241766,254881,647848,30377,121306987,87592566
2023:Q3,Black,6491999,2828676,2261574,567103,3663322,347832,42487,47135,47135,0,32068,31769,299,257643,130952,280590,421054,1620433,344229,138899,1511271,1508783,755541,725081,13622,14539,2487,4980728,15220713
2023:Q3,Hispanic,4478052,2543837,2081974,461863,1934214,313263,26418,31002,31002,0,11,0,11,236572,46672,98124,251611,576782,277368,76392,1150812,1149880,833252,291516,9802,15310,932,3327239,12465961
2023:Q3,Other,16812428,6574043,5778004,796039,10238385,1397707,169737,463669,463669,0,120516,102346,18170,3664222,244712,288256,1121842,1290463,1309583,167677,2805633,2800743,2030365,669581,39093,61703,4890,14006795,16834215
2023:Q4,White,138740723,40780400,34763844,6016556,97960323,11568829,3601756,4694219,4694219,0,922226,868334,53892,35976519,1633708,1936887,8677730,13814459,13910828,1223162,13596875,13565994,9383855,3280544,255257,646338,30882,125143848,87585741
2023:Q4,Black,6567375,2808579,2236639,571940,3758796,347671,42821,49639,49639,0,33514,33221,294,276466,131902,257778,485605,1658849,332122,142429,1522064,1519511,755748,735687,13645,14431,2554,5045311,15186248
2023:Q4,Hispanic,4524592,2537968,2073716,464252,1986624,316564,27230,32121,32121,0,11,0,11,258913,47505,90965,274541,593130,267232,78411,1158393,1157433,839542,292726,9862,15303,960,3366199,12524427
2023:Q4,Other,17275640,6526172,5722349,803823,10749468,1405045,176936,500886,500886,0,122667,104517,18150,4004746,247361,266310,1212178,1363631,1278126,171582,2835685,2830708,2050256,679269,39327,61857,4976,14439956,16884096
2024:Q1,White,143276995,41550018,35490880,6059139,101726977,11769020,3665357,4602990,4602990,0,918080,864918,53162,39050863,1665457,1991988,9158933,13900335,13766636,1237316,13619487,13587474,9396889,3250130,258797,681658,32013,129657508,87624361
2024:Q1,Black,6693546,2852964,2273768,579196,3840582,349614,42985,48802,48802,0,33187,32902,285,295052,134477,265244,533170,1667224,326564,144263,1509530,1506819,748540,728070,14125,16084,2710,5184017,15174562
2024:Q1,Hispanic,4657868,2604388,2132229,472159,2053480,326288,27775,32194,32194,0,11,0,11,282554,49338,94598,293366,602673,264577,80104,1164040,1163018,841835,293851,10092,17240,1023,3493827,12657541
2024:Q1,Other,18128248,6799667,5974601,825065,11328582,1439372,182198,497468,497468,0,124261,105947,18313,4396361,255613,278676,1295776,1400228,1282463,176168,2878161,2872943,2083664,684312,41041,63927,5218,15250087,17159841
2024:Q2,White,145459099,42777559,36706991,6070568,102681539,11472165,3741638,4752382,4752382,0,906525,854163,52361,39713102,1675689,2021931,9285406,13944367,13919090,1249245,13695332,13663335,9451834,3259065,252503,699933,31997,131763767,87557201
2024:Q2,Black,6810685,2928819,2346370,582450,3881866,347565,43285,50226,50226,0,32502,32224,278,299863,135687,270132,547248,1676603,332415,146340,1518970,1516256,752046,733988,13232,16990,2714,5291715,15199639
2024:Q2,Hispanic,4785114,2698659,2220141,478518,2086455,320128,28394,33047,33047,0,11,0,11,290387,50349,97176,301007,611408,272760,81788,1177804,1176770,853626,294797,9976,18371,1034,3607311,12793432
2024:Q2,Other,18744908,7161394,6324860,836534,11583514,1439985,187168,521751,521751,0,124651,106269,18381,4518122,259940,286342,1327673,1424533,1313599,179752,2922011,2916736,2119029,693005,39476,65225,5275,15822897,17342682
2024:Q3,White,149001896,42534421,36441923,6092498,106467475,11465297,3926253,4978756,4978756,0,963222,911930,51293,42401411,1696070,2063054,9698413,14023572,13986199,1265228,13770797,13740036,9510930,3278156,246298,704653,30761,135231099,87462838
2024:Q3,Black,6967593,2952172,2359155,593017,4015422,351687,44137,52776,52776,0,36913,36643,270,319998,139068,279215,596651,1706029,338529,150418,1545940,1543373,766285,747183,12496,17409,2567,5421653,15361466
2024:Q3,Hispanic,4842814,2701487,2218544,482943,2141327,321635,29225,33882,33882,0,260,250,10,310623,51528,99772,316694,617970,276476,83264,1193745,1192765,864227,300031,9800,18707,980,3649069,12850165
2024:Q3,Other,19207166,7140809,6295885,844923,12066357,1447536,194989,553134,553134,0,130013,111719,18294,4832681,264095,294037,1390570,1448799,1327701,182801,2954576,2949453,2143600,702394,37725,65734,5123,16252590,17414625
2024:Q4,White,149494631,42269250,36115368,6153882,107225380,11637134,4209164,4914389,4914389,0,762694,712354,50340,42818881,1703020,2019365,9690173,14104764,14082755,1283041,13725557,13694755,9587336,3218141,147365,741912,30803,135769073,87371011
2024:Q4,Black,7054566,2983991,2374026,609964,4070575,358521,45143,52954,52954,0,23764,23502,263,327065,141591,276692,603740,1739560,346404,155141,1544010,1541403,776747,742712,2469,19475,2608,5510555,15555838
2024:Q4,Hispanic,4892993,2716288,2223445,492843,2176705,330482,30495,34060,34060,0,10,0,10,316553,52325,98526,319454,627223,282358,85218,1199013,1198021,873050,298081,6058,20832,991,3693981,12960275
2024:Q4,Other,19198417,7072645,6218144,854501,12125772,1457299,205233,544662,544662,0,112280,94146,18134,4876607,264977,287377,1389065,1465480,1337697,185096,2933251,2928124,2158397,689126,13761,66840,5128,16265166,17390949
2025:Q1,White,148826847,42591229,36381318,6209911,106235618,11801506,4288877,4992169,4992169,0,791094,742245,48849,41871294,1679716,1993774,9434770,14089914,14004159,1288344,13642828,13609984,9573665,3208319,85735,742264,32844,135184019,87462637
2025:Q1,Black,7090624,3032122,2400605,631517,4058501,363503,45755,54032,54032,0,25763,25515,248,323558,140423,274744,579259,1749264,345322,156879,1545261,1542338,777655,745135,0,19548,2922,5545363,15676329
2025:Q1,Hispanic,4974318,2776525,2271975,504550,2197793,341510,31375,34941,34941,0,10,0,10,315263,52089,98874,315927,637438,283346,87020,1212658,1211550,883424,303370,3631,21124,1107,3761660,13194042
2025:Q1,Other,19655693,7334522,6439377,895145,12321171,1509454,214091,569377,569377,0,118023,99676,18347,4905800,269028,291229,1391766,1497027,1364458,190918,2999520,2993946,2213355,706482,5230,68878,5574,16656173,17885123
2025:Q2,White,153636275,43353867,37050262,6303605,110282408,11747665,4334953,5072473,5072473,0,778512,731006,47506,45130784,1687097,2053240,10067339,14128692,13988396,1293256,13663787,13631396,9596964,3212279,46489,775663,32391,139972488,87456797
2025:Q2,Black,7256118,3090457,2441464,648993,4165661,364092,46066,54843,54843,0,24981,24745,235,344664,141263,283822,646853,1756563,344742,157772,1551773,1548918,779609,748129,0,21180,2856,5704345,15697529
2025:Q2,Hispanic,5196732,2892783,2367353,525430,2303949,348306,32433,36142,36142,0,10,0,10,347268,53733,104568,346746,655807,289321,89616,1243584,1242472,907431,309565,2036,23441,1112,3953148,13535814
2025:Q2,Other,20873966,7720544,6781635,938909,13153423,1551016,222126,595903,595903,0,120053,101472,18581,5416256,277723,308821,1521427,1542939,1400165,196995,3086657,3080994,2280738,726322,1925,72008,5663,17787310,18386128
2025:Q3,White,157760187,43036575,36662075,6374501,114723612,11774416,4509187,5149245,5149245,0,775769,730191,45579,48468552,1693088,2106606,10548620,14178055,14222174,1297901,13767373,13737131,9643724,3228579,37111,827716,30242,143992814,87412744
2025:Q3,Black,7320440,3069545,2415256,654289,4250895,363532,46158,55361,55361,0,24814,24599,215,364521,141391,290810,696785,1757737,351785,157999,1557171,1554642,780819,750141,0,23681,2529,5763269,15645064
2025:Q3,Hispanic,5319019,2922975,2382962,540013,2396044,354352,33546,36904,36904,0,9,0,9,377070,54794,108963,369360,667692,302095,91259,1271311,1270293,924803,317179,1652,26659,1018,4047708,13728742
2025:Q3,Other,21683291,7773177,6807992,965185,13910114,1580887,232861,616971,616971,0,121710,103226,18484,5899880,283564,322929,1618398,1579361,1452386,201167,3158695,3153267,2332474,744426,1375,74993,5428,18524596,18703577
2025:Q4,White,159180023,42757823,36309172,6448651,116422200,11810431,4789920,5205224,5205224,0,754710,710468,44242,49637729,1686362,2078390,10689005,14255585,14195700,1319145,13877897,13846433,9685932,3255910,33101,871490,31464,145302126,87032970
2025:Q4,Black,7375160,3073851,2408780,665071,4301309,365014,46425,56076,56076,0,23691,23487,204,373369,141473,288068,716619,1775727,352802,162044,1579438,1576710,788785,761912,0,26013,2728,5795722,15649512
2025:Q4,Hispanic,5414789,2960437,2404039,556399,2454352,361659,35004,37604,37604,0,9,0,9,392006,55444,109234,380672,681929,306558,94234,1300923,1299822,944921,323786,1499,29617,1100,4113866,13894041
2025:Q4,Other,21996890,7775089,6791433,983657,14221800,1594799,245504,630415,630415,0,120392,102074,18318,6087946,284966,321225,1652954,1615150,1462518,205932,3205143,3199477,2363571,757802,1167,76938,5666,18791747,18786414
2026:Q1,White,157971613,43144042,36579937,6564106,114827571,12017460,4861511,5114006,5114006,0,802888,760951,41937,48121895,1672968,2038887,10354800,14214111,14317062,1311983,13773097,13738451,9613921,3209539,34038,880954,34646,144198516,86146686
2026:Q1,Black,7289561,3079072,2392240,686831,4210489,361373,45750,54632,54632,0,26904,26720,184,359654,138923,279504,677177,1752449,354504,159619,1543773,1540587,771300,742962,0,26325,3186,5745788,15331066
2026:Q1,Hispanic,5472181,3008251,2436808,571443,2463930,373465,35493,37542,37542,0,8,0,8,384267,55592,108186,372122,686523,316081,94651,1301466,1300182,943220,324824,1556,30582,1284,4170716,13889825
2026:Q1,Other,23272458,8391779,7314358,1077422,14880679,1700207,263507,657414,657414,0,132314,113579,18735,6280333,300445,334753,1704178,1718097,1571777,217653,3377858,3371309,2492543,795707,1296,81764,6548,19894600,19765795
