Date,Category,Assets,Nonfinancial assets,Real estate,Consumer durables,Financial assets,Deposits,Money market fund shares,Debt securities,U.S. government and municipal securities,Corporate and foreign bonds,Loans (Assets),Other loans and advances (Assets),Mortgages,Corporate equities and mutual fund shares,Life insurance reserves,Annuities,DC pension entitlements,DB pension entitlements,Miscellaneous other equity,Miscellaneous assets,Liabilities,Loans (Liabilities),Home mortgages,Consumer credit,Depository institutions loans n.e.c.,Other loans and advances (Liabilities),Deferred and unpaid life insurance premiums,Net worth,Household count
1989:Q3,College,11361265,3757361,2960829,796532,7603904,1245096,228216,640674,524458,116215,157552,95791,61761,1399547,187955,150984,410625,1469578,1619435,94241,1427667,1419385,1050193,274658,2564,91971,8281,9933598,21613571
1989:Q3,SomeCollege,4677593,1914251,1490725,423526,2763342,616306,50712,239244,196613,42631,34696,20445,14252,336677,67644,65408,108499,658009,537611,48533,755987,752968,539019,192197,848,20904,3019,3921606,18948257
1989:Q3,HS,4925198,2010932,1528054,482878,2914266,677153,73810,138557,129161,9396,73014,46158,26857,266028,72813,74962,105767,843199,533274,55688,715882,712628,463003,228662,787,20178,3254,4209316,29893093
1989:Q3,NoHS,2628708,1106805,913561,193244,1521903,417913,9904,28004,23690,4314,28603,6468,22135,88192,31779,37476,60299,511544,279301,28887,253238,251817,158941,88690,334,3852,1421,2375470,22565181
1989:Q4,College,11861234,3920488,3092534,827954,7940747,1302594,243884,664165,541531,122634,172871,109120,63751,1451405,196250,159849,440540,1543052,1667279,98857,1497480,1488652,1098482,294878,2535,92758,8828,10363754,22566796
1989:Q4,SomeCollege,4702677,1912098,1488077,424022,2790579,611274,52499,231897,189666,42231,40405,23443,16962,343570,69485,67031,110445,676287,538603,49084,759421,756349,540594,194294,794,20667,3072,3943256,19003672
1989:Q4,HS,4918309,2005972,1531785,474187,2912337,675644,70671,132796,122857,9939,73264,47305,25959,269521,74725,77941,107921,851431,522678,55745,719701,716353,464996,231194,740,19423,3348,4198608,29517842
1989:Q4,NoHS,2563305,1081342,881921,199421,1481963,410536,10183,29082,24742,4339,27963,6795,21168,87608,31171,36219,56289,496297,268266,28350,250941,249540,156510,88920,321,3789,1401,2312364,22173928
1990:Q1,College,12128097,4051695,3182475,869221,8076402,1329730,267779,672457,551203,121255,201251,135630,65621,1371952,200725,168203,450266,1605057,1704424,104558,1568114,1559447,1157986,301501,3203,96756,8667,10559984,23397817
1990:Q1,SomeCollege,4691803,1906822,1479826,426996,2784981,600938,56005,220647,181535,39112,48114,28270,19844,327816,70874,68828,107026,693735,540542,50455,764001,760963,550112,188720,947,21184,3038,3927802,19090250
1990:Q1,HS,4856749,1977007,1502396,474611,2879741,668505,69070,125903,116259,9644,73981,48819,25162,251538,75927,81025,105376,857961,513334,57121,713969,710704,471813,218985,914,18992,3265,4142780,29203955
1990:Q1,NoHS,2481729,1044442,848287,196155,1437286,401298,10805,30258,26110,4148,27897,7474,20423,82205,30468,35084,51532,481188,258094,28455,244303,242978,155488,83114,394,3982,1326,2237425,21811747
1990:Q2,College,12477528,4161985,3269611,892374,8315543,1353136,260776,707957,581000,126957,206438,139592,66845,1424030,205669,180978,463931,1663805,1741553,107270,1631141,1622426,1208192,313320,2636,98278,8715,10846387,24112998
1990:Q2,SomeCollege,4737131,1912000,1482676,429325,2825131,592949,54384,220667,181795,38872,53533,30712,22821,340067,72786,73706,105545,714306,546456,50733,771332,768280,558187,187956,754,21383,3052,3965799,19205981
1990:Q2,HS,4863035,1975221,1507185,468036,2887813,664350,63483,124474,114182,10292,73027,48579,24448,259470,77713,87636,104678,868431,508004,56548,714939,711675,476091,216314,720,18550,3264,4148096,28948475
1990:Q2,NoHS,2430006,1028343,825691,202652,1401664,393526,10312,30723,26513,4210,26890,7451,19440,82872,29953,34848,47342,468067,249536,27594,240200,238921,153448,81121,324,4027,1279,2189806,21477383
1990:Q3,College,12533778,4288231,3366381,921850,8245548,1377807,280955,744268,615731,128537,214254,146384,67870,1175517,208916,184775,459827,1712919,1775438,110872,1679700,1671003,1248197,326699,1151,94957,8697,10854078,24718704
1990:Q3,SomeCollege,4739516,1926066,1494659,431407,2813450,588193,57791,221525,184224,37302,59875,33884,25991,296431,74711,73726,99756,734769,554963,51710,778669,775597,565457,188956,326,20858,3072,3960847,19348854
1990:Q3,HS,4814700,1966318,1498858,467460,2848381,664239,61972,123782,113237,10545,72326,48522,23804,217077,79433,88504,100381,878323,505250,57096,719648,716381,481639,216454,296,17992,3267,4095051,28748446
1990:Q3,NoHS,2355750,998265,802828,195437,1357485,387538,10864,30898,26725,4173,26103,7530,18572,71968,29470,33332,42767,455229,242047,27270,237336,236102,151974,80193,145,3790,1235,2118413,21169583
1990:Q4,College,12968046,4350962,3406038,944924,8617083,1414852,288552,800371,651468,148902,233742,165311,68431,1319084,211785,191770,489039,1758572,1795265,114050,1724991,1715976,1277246,339197,1292,98241,9015,11243055,25221298
1990:Q4,SomeCollege,4831622,1924336,1489692,434644,2907286,589079,59321,229517,187285,42233,68146,38825,29321,331206,76925,76095,103769,757920,562543,52765,787070,783918,571869,190078,353,21618,3152,4044552,19516859
1990:Q4,HS,4849641,1948591,1482283,466308,2901050,670889,59129,125862,112595,13267,71375,48155,23219,244498,81453,92082,104736,891513,501804,57709,726946,723572,489300,216101,328,17843,3374,4122695,28600911
1990:Q4,NoHS,2297981,961549,768384,193165,1336432,384209,11003,31615,26921,4694,25472,7875,17597,77423,29086,32491,39652,443896,234619,26964,235796,234573,151396,79016,163,3998,1222,2062185,20887094
1991:Q1,College,13354058,4396292,3433384,962908,8957765,1429048,326682,781218,623272,157947,237720,169649,68070,1535617,214191,195582,529328,1799157,1793456,115767,1752474,1743587,1302627,339189,2267,99505,8887,11601584,25627147
1991:Q1,SomeCollege,4921733,1927883,1487543,440340,2993850,586253,66228,214160,170925,43235,75395,42666,32729,381091,79390,77078,111231,782842,566750,53431,790121,786937,579255,184963,589,22131,3184,4131611,19707986
1991:Q1,HS,4908062,1950417,1485012,465405,2957645,674101,59750,118041,103280,14761,70622,47917,22705,285339,83733,94065,112086,906726,495545,57638,723365,719980,497116,204596,587,17681,3385,4184697,28502916
1991:Q1,NoHS,2260626,940594,741464,199131,1320031,379818,12210,35095,30192,4903,24078,7919,16160,85367,28784,31346,36828,433523,226662,26321,229719,228537,150694,73459,286,4098,1182,2030907,20628660
1991:Q2,College,13447072,4458584,3482540,976044,8988488,1402782,312192,813158,647138,166020,234074,166251,67824,1513153,217425,200801,544443,1836785,1796286,117390,1794633,1785963,1340237,344658,685,100383,8670,11652440,25942614
1991:Q2,SomeCollege,4987933,1948430,1503975,444455,3039503,575300,64652,215288,171401,43888,82687,46255,36432,387716,82374,79302,112197,810374,575315,54299,803324,800108,593166,184085,179,22679,3215,4184610,19920225
1991:Q2,HS,4930035,1955699,1491632,464068,2974336,669140,55084,118178,101874,16304,70381,48165,22216,287154,86611,97482,114037,925066,493341,57861,729593,726203,507034,201425,169,17576,3389,4200442,28451504
1991:Q2,NoHS,2214973,923796,724665,199131,1291177,372797,11688,36279,31174,5105,22893,7858,15035,84794,28619,30546,33332,424377,220045,25807,226778,225637,150215,71139,91,4192,1141,1988194,20393029
1991:Q3,College,13691059,4527708,3533472,994236,9163350,1392246,310285,836023,678191,157831,240889,174219,66669,1610352,217550,204920,574577,1869372,1788396,118741,1825250,1816819,1359384,348853,564,108019,8431,11865808,26174064
1991:Q3,SomeCollege,5096790,1975093,1525930,449163,3121697,570090,65426,213197,174140,39057,91920,51692,40229,418958,85001,81307,117729,839412,583383,55274,812068,808814,600549,183619,143,24502,3254,4284723,20151565
1991:Q3,HS,4990893,1966457,1499189,467268,3024436,671282,51986,117174,101503,15671,69471,47685,21786,310762,89006,100680,119945,945060,490845,58225,729869,726465,508107,200432,139,17787,3404,4261024,28443719
1991:Q3,NoHS,2174767,904607,711798,192809,1270160,368465,11636,36867,31966,4901,21456,8011,13445,88680,28376,29726,30190,415886,213531,25348,221945,220842,146463,69596,77,4706,1103,1952822,20178947
1991:Q4,College,14117052,4573244,3571006,1002238,9543809,1395977,313271,849883,692597,157286,258924,194948,63976,1901758,218618,209056,610223,1898211,1767371,120516,1871995,1863757,1389438,357113,1087,116119,8238,12245058,26327862
1991:Q4,SomeCollege,5250782,1999081,1544693,454388,3251701,569945,67280,209012,172249,36762,103036,59063,43974,488240,88144,83721,125270,870420,589984,56649,831254,827946,615405,185766,264,26510,3308,4419527,20399996
1991:Q4,HS,5105742,1987609,1520055,467553,3118133,679847,49562,115464,99230,16234,66964,45513,21451,368543,92009,104378,127608,967326,487239,59194,742549,739106,517553,203240,276,18037,3443,4363193,28476605
1991:Q4,NoHS,2147494,888099,694831,193268,1259395,366478,11785,38471,33544,4927,19248,8325,10923,98823,28258,29026,27076,408177,206899,25154,221431,220358,145484,69462,153,5259,1073,1926063,19985160
1992:Q1,College,14046280,4601947,3597083,1004864,9444333,1304928,330467,878385,714102,164283,237578,176371,61208,1841496,219399,211167,613531,1935808,1749501,122073,1890708,1882631,1416598,351363,1274,113397,8077,12155572,26410373
1992:Q1,SomeCollege,5328185,2025448,1564513,460935,3302738,547264,71838,209211,172453,36757,111360,63386,47974,494840,91520,85333,124151,909199,599893,58130,840631,837255,629238,180984,297,26736,3376,4487554,20663508
1992:Q1,HS,5162802,2018834,1551606,467228,3143968,664540,48517,115981,97904,18077,68576,47443,21132,369309,95276,107237,128391,999278,486565,60298,738045,734541,520591,195635,331,17984,3504,4424757,28547205
1992:Q1,NoHS,2113911,880521,681344,199177,1233390,356636,12430,40137,34959,5178,16694,8164,8530,98041,28193,28177,23440,403490,201147,25004,213644,212596,141850,65371,187,5188,1049,1900267,19810414
1992:Q2,College,14028986,4622931,3612483,1010448,9406055,1280812,316157,869816,702566,167249,236023,177862,58161,1822534,217990,215425,627482,1962459,1733732,123624,1915507,1907578,1435247,352643,1626,118063,7929,12113478,26427961
1992:Q2,SomeCollege,5434265,2057627,1588855,468772,3376638,542352,71190,199185,163953,35232,122806,70623,52183,510892,94676,88570,126365,948121,612679,59803,854721,851267,642124,180426,359,28358,3454,4579544,20940091
1992:Q2,HS,5243841,2046281,1576165,470116,3197560,669708,44838,112794,93286,19508,67850,47017,20834,378571,98264,111967,132113,1031431,488351,61674,742595,739015,525073,195292,438,18213,3580,4501247,28652564
1992:Q2,NoHS,2105980,874435,670550,203885,1231545,353874,12097,43072,37723,5349,14362,8273,6089,98846,28083,27691,19955,412524,196084,24958,209620,208592,138800,63971,251,5571,1028,1896360,19653456
1992:Q3,College,14184064,4673457,3650352,1023105,9510607,1267696,309399,888274,727089,161186,228050,173161,54889,1890113,219458,218578,653401,1985052,1725542,125044,1942088,1934289,1456501,358408,965,118415,7799,12241976,26386991
1992:Q3,SomeCollege,5599051,2107178,1632020,475158,3491873,541063,72010,195532,164986,30546,134953,78347,56607,545542,98765,91512,132409,988469,630015,61601,875584,872043,660108,182417,207,29311,3541,4723466,21227734
1992:Q3,HS,5373885,2087647,1610021,477626,3286238,679900,41933,112092,92481,19611,67783,47239,20544,404360,102377,116440,139110,1065137,493886,63220,759728,756056,539885,197558,261,18353,3672,4614157,28789726
1992:Q3,NoHS,2102114,867429,671595,195834,1234685,352891,12039,44657,39349,5309,11955,8338,3616,102562,28165,27154,16537,421822,191938,24966,209824,208814,139385,63551,161,5717,1011,1892290,19513032
1992:Q4,College,14529060,4698858,3680518,1018340,9830202,1289631,295226,883245,716268,166976,245878,192254,53623,2144063,222236,227266,662484,2016441,1717793,125940,1957662,1949877,1469007,360285,1357,119228,7785,12571399,26294400
1992:Q4,SomeCollege,5729352,2141527,1653506,488021,3587826,551781,70849,194884,164034,30849,125107,71037,54069,607264,100212,94027,142735,1011802,626525,62640,898397,894839,673393,192603,336,28508,3558,4830955,21524313
1992:Q4,HS,5535382,2135428,1644111,491318,3399954,683823,42955,117577,97517,20060,63943,42556,21387,452034,104745,123425,149611,1105939,491092,64811,785380,781672,556713,205365,391,19203,3708,4750003,28955491
1992:Q4,NoHS,2136229,869858,674068,195790,1266371,348794,11233,48298,42868,5430,11428,7057,4371,108983,30148,29736,19264,438036,194867,25584,215137,214078,141790,66516,228,5544,1059,1921092,19387702
1993:Q1,College,14603152,4635265,3641940,993326,9967887,1247613,298827,884842,690737,194104,277075,224649,52425,2224235,224480,232290,686807,2027152,1738225,126342,1947805,1940023,1464824,347593,2225,125381,7782,12655347,26159421
1993:Q1,SomeCollege,5807111,2155875,1653440,502435,3651236,546424,73091,197784,159529,38255,118345,66811,51534,637813,101693,94577,158049,1027022,632866,63572,907961,904381,680154,194883,620,28724,3580,4899150,21827246
1993:Q1,HS,5667348,2195492,1699219,496274,3471856,670531,45619,125273,100982,24291,59056,36788,22268,471357,107207,128368,164046,1137287,496854,66257,792328,788572,567555,200047,697,20272,3756,4875020,29145691
1993:Q1,NoHS,2178290,890086,675507,214579,1288204,339334,11030,52658,46558,6100,11348,6159,5189,110530,32122,31905,22080,451153,199926,26118,214091,212982,142171,64739,374,5698,1110,1964199,19275288
1993:Q2,College,14683165,4655593,3662831,992762,10027572,1243661,288905,861916,651708,210207,304916,253726,51190,2254619,227158,237305,690910,2035881,1755913,126388,1958221,1950447,1477429,345114,1983,125920,7774,12724944,25991860
1993:Q2,SomeCollege,5911691,2208394,1691438,516955,3703297,551511,72847,193931,151620,42310,112431,63481,48951,660144,103410,95341,167558,1042849,638849,64426,931925,928321,696445,203294,644,27939,3604,4979766,22133837
1993:Q2,HS,5791495,2249328,1735561,513766,3542167,669085,47130,129238,102490,26748,55290,32094,23196,483231,110012,133677,173898,1170197,502791,67617,818439,814630,588772,203999,650,21209,3808,4973056,29355912
1993:Q2,NoHS,2215300,903219,690256,212962,1312081,333840,10422,56431,49955,6476,11394,5406,5988,110867,34135,34099,24608,464516,205173,26595,218998,217837,145700,66255,341,5540,1161,1996302,19173425
1993:Q3,College,14848988,4677628,3684362,993266,10171361,1246635,283488,845947,615624,230323,309690,259745,49945,2362295,229968,243701,698321,2043981,1780525,126810,1974927,1967166,1483777,347009,2249,134131,7761,12874061,25801520
1993:Q3,SomeCollege,6041610,2259006,1727661,531345,3782604,558818,73494,192592,144449,48143,105159,58854,46305,699285,105259,97154,178354,1059518,647441,65530,959491,955863,711844,214591,830,28597,3629,5082119,22441389
1993:Q3,HS,5949396,2307534,1775262,532272,3641861,670327,49108,133914,103798,30116,54865,30698,24167,509830,113041,140286,184780,1205009,511312,69390,851819,847954,612760,211947,789,22459,3865,5097577,29581742
1993:Q3,NoHS,2258150,917919,708735,209185,1340231,329302,9974,59654,52716,6937,11392,4616,6776,113546,36170,36493,27112,478222,211137,27229,226713,225500,150151,69121,393,5833,1213,2031438,19079750
1993:Q4,College,15023606,4684339,3693424,990914,10339267,1239586,287316,871350,609909,261441,321043,272315,48728,2467766,232740,246307,698565,2048863,1799354,126375,1992152,1984404,1488114,353922,2214,140154,7748,13031454,25598207
1993:Q4,SomeCollege,6175861,2307254,1759308,547946,3868608,563483,76042,204159,145136,59023,99120,55531,43589,739484,107166,96671,187004,1075157,654079,66243,989222,985569,725701,230071,934,28863,3653,5186639,22747206
1993:Q4,HS,6120857,2380102,1830065,550038,3740755,668991,52100,145149,109181,35969,53871,28691,25180,537172,116208,144481,193979,1239460,518725,70619,888854,884929,632824,227600,824,23682,3925,5232003,29818768
1993:Q4,NoHS,2304418,937295,723945,213351,1367123,324055,9825,63144,55521,7623,11552,3980,7572,116266,38211,38409,29449,491605,216985,27620,235284,234018,153037,74576,397,6008,1265,2069134,18991897
1994:Q1,College,14930123,4647193,3671249,975945,10282929,1223665,294207,913641,638801,274839,331945,284318,47627,2337433,233291,248317,690705,2054169,1829105,126451,1982675,1974932,1484008,346665,2980,141279,7743,12947448,25391727
1994:Q1,SomeCollege,6247787,2341017,1777291,563726,3906770,565467,79284,217978,155089,62889,93476,52668,40808,730671,108526,95821,192944,1091161,664226,67215,1005764,1002086,736469,236029,1394,28194,3678,5242023,23048592
1994:Q1,HS,6256086,2456567,1895125,561442,3799519,665056,55522,158596,120257,38339,53165,26936,26229,521994,118787,148387,201029,1275273,529425,72285,910170,906180,653327,226871,1216,24767,3989,5345917,30062579
1994:Q1,NoHS,2351629,963749,738704,225045,1387880,318110,9771,66839,58934,7905,11850,3420,8430,112402,40120,40234,31573,505153,223649,28180,238221,236902,156150,74311,537,5904,1319,2113409,18907502
1994:Q2,College,14916837,4644641,3671882,972759,10272196,1196947,286669,963227,674861,288367,334399,287889,46510,2260453,234320,248185,698023,2058494,1865273,126206,1996017,1988272,1491453,350107,3825,142887,7745,12920820,25191884
1994:Q2,SomeCollege,6345169,2390944,1811173,579771,3954225,563825,79497,234147,167275,66872,87338,49424,37914,731673,109980,93520,203923,1106201,676129,67991,1034469,1030767,751292,249919,1972,27584,3702,5310700,23342850
1994:Q2,HS,6397285,2527944,1949347,578597,3869341,657544,57416,174031,133238,40793,53518,26201,27317,515919,121549,150761,212090,1310827,541976,73711,945136,941079,673620,239850,1720,25889,4057,5452149,30308761
1994:Q2,NoHS,2395145,986548,758061,228487,1408597,311180,9276,70629,62450,8179,12124,2879,9245,109962,42036,41737,33872,518386,230766,28629,245346,243974,158751,78704,690,5828,1372,2149799,18824201
1994:Q3,College,15036614,4653144,3676436,976707,10383471,1200010,290806,969212,672749,296463,339118,293673,45446,2293357,242003,250957,714332,2065252,1891644,126779,2009131,2001384,1499026,355589,3917,142853,7747,13027483,25008484
1994:Q3,SomeCollege,6468313,2442213,1846949,595265,4026099,570297,82135,237122,168883,68239,81608,46696,34912,756458,113137,92986,218012,1121594,683614,69136,1063951,1060228,765945,265406,2267,26609,3723,5404362,23627285
1994:Q3,HS,6560935,2593224,1994301,598922,3967711,658695,60634,182205,140188,42017,53736,25298,28438,530274,126447,155215,225631,1347688,551444,75743,983075,978952,694955,255159,1887,26951,4123,5577860,30552901
1994:Q3,NoHS,2437156,1001574,775955,225620,1435582,306883,9130,73907,65575,8332,12463,2406,10057,110678,44350,43586,36274,531722,237281,29309,253220,251795,161618,83799,721,5657,1425,2183936,18739630
1994:Q4,College,15099757,4647615,3673766,973849,10452142,1200780,302717,1054450,735865,318585,344734,300466,44268,2243845,242507,249879,696858,2070634,1918730,127008,2037960,2030205,1507904,366378,4743,151179,7755,13061797,24851331
1994:Q4,SomeCollege,6563990,2481112,1871746,609366,4082878,575346,86428,265409,189007,76402,76044,44293,31751,761316,114286,89719,219794,1134544,689989,70002,1099124,1095383,779852,285327,3000,27205,3741,5464866,23899200
1994:Q4,HS,6694503,2648080,2033176,614903,4046424,658441,64800,205862,159357,46505,53951,24359,29593,528154,128982,156617,229310,1382426,560463,77418,1027984,1023795,714798,278104,2521,28371,4189,5666520,30790589
1994:Q4,NoHS,2466709,1009126,783109,226017,1457583,302167,9201,78018,69272,8746,12716,1983,10734,108856,46163,44821,37915,544177,243714,29834,263550,262073,163888,91359,870,5955,1478,2203159,18651424
1995:Q1,College,15308520,4632604,3658141,974463,10675916,1218046,314274,1024181,694326,329855,353372,309973,43399,2385166,247264,254308,725614,2084472,1940613,128606,2029218,2021423,1506196,361051,5074,149102,7795,13279302,24730232
1995:Q1,SomeCollege,6691042,2518954,1894004,624951,4172087,584437,90570,257666,178601,79066,70817,42287,28530,810246,116421,89823,237897,1150125,692601,71484,1113089,1109331,787695,292393,3545,25699,3758,5577953,24155899
1995:Q1,HS,6867760,2703361,2071417,631945,4164399,662374,68934,207413,159024,48389,53995,23229,30766,562868,132785,161923,246030,1421092,566916,80068,1048702,1044443,732729,279471,2919,29323,4259,5819058,31017410
1995:Q1,NoHS,2508635,1020980,791641,229338,1487655,298606,9239,81015,72092,8924,13180,1604,11576,112554,48194,46741,40409,557379,249609,30729,265567,264036,165816,91631,939,5651,1531,2243069,18557219
1995:Q2,College,15613979,4653245,3674433,978812,10960734,1246336,332015,1005690,678502,327188,359223,316613,42611,2539525,254239,263720,752969,2109390,1967257,130370,2045813,2037962,1513844,367231,5892,150995,7851,13568166,24654991
1995:Q2,SomeCollege,6830053,2560694,1924819,635875,4269359,595723,95954,249081,175110,73971,65336,40151,25185,861394,118959,92938,255214,1167149,694716,72896,1139726,1135955,799379,307236,4455,24885,3771,5690327,24394685
1995:Q2,HS,7039068,2752140,2103185,648955,4286929,668483,73777,209534,162876,46658,54356,22396,31960,599536,137150,170754,262059,1455242,573365,82674,1087581,1083252,756241,292861,3738,30412,4328,5951488,31228952
1995:Q2,NoHS,2544656,1026561,805872,220690,1518095,295532,9427,83512,74694,8819,13652,1246,12406,116353,50297,49270,42783,570262,255421,31586,273387,271805,169372,95797,1077,5559,1582,2271269,18454651
1995:Q3,College,15899972,4598363,3618001,980362,11301609,1250094,338821,1013357,666669,346688,364106,322174,41932,2741470,257636,270334,792914,2136051,2007194,129633,2080023,2072100,1529687,375257,6572,160584,7923,13819949,24635413
1995:Q3,SomeCollege,6939162,2563835,1917772,646063,4375327,597994,98680,252358,172171,80187,59728,38010,21719,922278,120255,93779,276802,1181545,699220,72687,1170069,1166290,811785,323644,5374,25486,3778,5769093,24612862
1995:Q3,HS,7157042,2747868,2085084,662784,4409173,665363,77197,217138,166894,50244,54838,21672,33166,644510,140057,176974,281403,1486722,582031,82940,1127476,1123082,777013,309681,4567,31821,4394,6029566,31420803
1995:Q3,NoHS,2552256,1008095,792279,215816,1544161,289830,9267,86137,77041,9096,14149,913,13236,121118,52048,51251,45317,582030,261486,31529,281562,279930,171851,101016,1185,5878,1632,2270694,18341355
1995:Q4,College,16435827,4650848,3658264,992584,11784978,1264626,357295,1041912,667226,374687,378871,338195,40676,2989003,266776,277643,833952,2203798,2039786,131317,2107730,2099575,1538433,395127,9429,156585,8155,14328097,24678437
1995:Q4,SomeCollege,7134015,2608077,1955046,653030,4525938,603850,103543,275579,179737,95842,63050,40898,22152,968816,122523,99379,294511,1206206,714298,74184,1213955,1210142,832855,344071,6881,26335,3813,5920060,24808306
1995:Q4,HS,7242052,2756164,2089825,666340,4485888,670920,79193,221860,162839,59021,54957,22732,32224,687202,141576,175280,290900,1489412,591010,83578,1146819,1142410,778937,323817,6551,33106,4409,6095233,31589764
1995:Q4,NoHS,2510716,1003465,786113,217352,1507251,283459,9712,84390,73298,11091,15196,2015,13180,120734,49330,48788,46116,566945,251438,31145,283954,282409,170283,105145,1569,5412,1545,2226762,18215892
1996:Q1,College,16840237,4707946,3698903,1009043,12132291,1303328,395394,1016197,636765,379432,383609,344174,39435,3128878,273092,285606,874427,2273847,2065628,132284,2147303,2138908,1562706,398448,6810,170944,8395,14692934,24779532
1996:Q1,SomeCollege,7278763,2655098,1993921,661177,4623665,615718,112404,275033,177002,98031,65570,43014,22555,987623,123698,104997,311217,1227960,724408,75038,1249080,1245241,859909,349255,5263,30814,3839,6029683,24981180
1996:Q1,HS,7306307,2782235,2111568,670667,4524072,682596,83059,213337,151810,61527,55955,24721,31234,706845,141791,173482,299099,1488462,596137,83308,1142831,1138416,786095,313225,3875,35221,4415,6163476,31737491
1996:Q1,NoHS,2473390,1007825,786270,221555,1465564,278753,10662,81242,68655,12587,16262,3186,13076,117246,46365,46333,46737,550886,240651,30427,280081,278625,170149,101279,1264,5934,1455,2193309,18080526
1996:Q2,College,17258307,4783425,3758870,1024554,12474882,1307153,387817,1062246,670259,391987,371918,333721,38197,3287080,282119,293253,901726,2347684,2100314,133572,2192447,2183789,1591469,412289,9656,170375,8658,15065860,24931301
1996:Q2,SomeCollege,7417899,2701890,2037664,664227,4716008,615321,110862,297857,193633,104224,66794,43862,22933,1008428,125308,109983,321950,1247895,735751,75858,1291355,1287494,885190,363358,6722,32224,3861,6126544,25132215
1996:Q2,HS,7345672,2788746,2116519,672228,4556925,681995,81542,219748,153885,65863,58630,28426,30204,728437,142583,170908,302341,1485374,602333,83034,1152260,1147843,787355,318418,5505,36564,4418,6193412,31866854
1996:Q2,NoHS,2426676,1005563,787755,217808,1421113,271023,10315,79899,65739,14160,17265,4333,12932,114118,43532,43780,46981,534363,230112,29725,279359,277994,168194,102514,1666,5620,1366,2147316,17938444
1996:Q3,College,17596749,4880758,3836353,1044405,12715991,1326430,404322,1071112,691485,379626,363870,326892,36978,3321249,295422,300504,937883,2424496,2134840,135862,2240435,2231504,1624421,426470,11036,169577,8931,15356314,25126346
1996:Q3,SomeCollege,7511515,2744159,2075403,668756,4767357,618464,114328,302267,206291,95977,68310,45017,23294,998753,127779,114301,335294,1265769,745038,77052,1331795,1327919,910316,376852,7240,33511,3876,6179720,25262148
1996:Q3,HS,7349805,2790662,2115614,675048,4559143,685112,82469,216155,152753,63402,61097,31955,29142,724487,144468,167596,307275,1480048,607076,83360,1159575,1155161,788384,322990,5949,37839,4414,6190230,31980723
1996:Q3,NoHS,2371900,997689,780723,216966,1374211,264439,10603,77316,62217,15099,18326,5552,12775,108017,40906,41156,47282,517456,219450,29258,278195,276919,166241,103535,1857,5287,1275,2093706,17792837
1996:Q4,College,18212113,4952829,3894994,1057835,13259284,1335564,427685,1091609,714866,376742,395345,359556,35789,3516671,309729,292558,1060102,2497225,2194763,138033,2290511,2281300,1653233,444805,8833,174428,9212,15921602,25357270
1996:Q4,SomeCollege,7657888,2774495,2101208,673287,4883393,617317,118968,312417,219514,92903,72967,49320,23647,1024093,130221,108069,381391,1277636,762313,78002,1370156,1366271,931836,392541,5997,35897,3885,6287732,25371710
1996:Q4,HS,7398183,2800321,2126933,673388,4597862,684090,83864,214768,151475,63293,59587,31532,28056,750491,146377,152998,336050,1467999,618248,83387,1167740,1163336,789088,330958,3948,39342,4404,6230443,32081967
1996:Q4,NoHS,2319535,989389,765970,223418,1330147,257070,11047,74652,58514,16139,19855,7228,12627,105747,38298,36764,48764,499161,210090,28699,278060,276875,164474,105573,1584,5244,1184,2041476,17646892
1997:Q1,College,18494429,5032253,3953997,1078255,13462177,1351571,459633,1008232,672773,335460,377192,342683,34508,3582469,321679,302153,1072672,2580903,2265085,140586,2323591,2314171,1678782,444493,12753,178142,9420,16170838,25616676
1997:Q1,SomeCollege,7701965,2804681,2126982,677698,4897284,617356,125091,279648,209559,70089,73831,49860,23971,1018567,131775,113331,383860,1292917,781893,79015,1390975,1387099,948825,392603,7684,37988,3876,6310990,25461637
1997:Q1,HS,7384415,2801896,2127337,674559,4582519,684506,85830,191835,138361,53474,63521,36568,26953,750622,147288,150976,332376,1460538,631460,83566,1151884,1147517,784494,316355,5916,40752,4367,6232531,32173457
1997:Q1,NoHS,2266635,981803,755271,226532,1284832,250338,11686,70743,54713,16031,20949,8532,12417,100635,35572,34530,48508,482360,201297,28214,270393,269304,161348,100724,2098,5134,1090,1996242,17503797
1997:Q2,College,19550666,5133750,4038063,1095688,14416916,1372510,455188,1015328,669756,345572,385194,351748,33446,4190770,337504,323339,1197470,2673424,2322878,143311,2379785,2370147,1712521,457581,14839,185207,9638,17170881,25897165
1997:Q2,SomeCollege,7953104,2843923,2167262,676660,5109181,618122,123338,286191,212531,73660,76835,52490,24345,1129711,134089,125977,429082,1310638,795207,79990,1424577,1420715,968955,402706,8336,40718,3863,6528526,25532662
1997:Q2,HS,7529811,2808986,2136281,672706,4720824,685944,84155,188868,132428,56441,64721,38889,25832,851220,149200,156711,359506,1456639,640103,83759,1154147,1149819,783760,317119,6648,42292,4328,6375664,32258062
1997:Q2,NoHS,2231626,975475,753563,221911,1256151,244154,11363,68465,51247,17217,22596,10222,12373,106806,33026,33545,49616,466824,192002,27754,268515,267519,159351,100632,2349,5187,996,1963111,17366742
1997:Q3,College,20391412,5248380,4128823,1119557,15143031,1399022,478208,1022897,662880,360017,378964,346536,32428,4566863,353337,340488,1302475,2765358,2388510,146909,2452830,2442966,1764261,472503,8713,197489,9864,17938582,26191342
1997:Q3,SomeCollege,8140727,2881147,2203554,677593,5259580,619942,127106,292833,213689,79144,78909,54174,24735,1186184,136174,135669,465620,1325558,810247,81339,1464266,1460420,997085,413374,5488,44473,3846,6676461,25585518
1997:Q3,HS,7617760,2808289,2134181,674107,4809472,688790,84954,186360,125989,60371,67795,43096,24698,906101,150931,159271,379993,1450255,650458,84565,1159206,1154918,789081,319022,2779,44036,4288,6458555,32338651
1997:Q3,NoHS,2189100,965497,746761,218736,1223603,238619,11739,66434,47938,18496,24252,11869,12382,107729,30494,32074,50290,451144,183299,27529,267714,266809,158854,100906,1559,5489,905,1921386,17238914
1997:Q4,College,20925727,5341852,4205066,1136786,15583875,1435577,503202,1050654,702572,348083,389957,358758,31199,4698877,363496,344944,1313106,2851001,2484596,148465,2509972,2499875,1797364,489054,14718,198739,10097,18415755,26491808
1997:Q4,SomeCollege,8231047,2909984,2228652,681331,5321063,624278,131040,303206,231475,71731,82380,57296,25084,1189732,136667,136698,465189,1334831,835566,81476,1496745,1492918,1012491,426552,7980,45895,3827,6734302,25620941
1997:Q4,HS,7652002,2833432,2161182,672249,4818570,694589,85778,184640,126828,57812,68896,45333,23563,915541,150858,153070,374101,1438158,669252,83686,1162018,1157770,781388,325762,5333,45286,4248,6489984,32418096
1997:Q4,NoHS,2147728,962983,735388,227595,1184745,234089,12154,63560,44637,18923,26189,13906,12283,103973,27797,29373,49953,434629,176282,26746,266333,265517,155116,102797,2360,5245,816,1881395,17123504
1998:Q1,College,22178995,5477659,4318357,1159302,16701336,1441471,551239,1047624,674209,373415,406626,376762,29864,5419859,376467,365575,1451549,2959374,2530656,150895,2559365,2549119,1839353,488557,16535,204674,10246,19619630,26791165
1998:Q1,SomeCollege,8497162,2957463,2275887,681576,5539700,618985,139272,306166,224140,82026,86359,60934,25425,1310928,137728,148205,512811,1355731,841478,82038,1517418,1513625,1031835,425078,8465,48247,3793,6979744,25639662
1998:Q1,HS,7814667,2845517,2172863,672654,4969150,691021,88356,181702,117457,64245,69201,46776,22425,1029612,151586,157591,402314,1440835,673429,83503,1146269,1142085,777743,311846,5750,46746,4185,6668398,32499265
1998:Q1,NoHS,2121500,959092,732563,226529,1162408,227797,13124,62323,41817,20507,28374,16217,12158,110868,25257,28265,50814,422109,167243,26232,259610,258886,152513,98563,2578,5232,725,1861889,17023698
1998:Q2,College,22805644,5636589,4453865,1182724,17169056,1448490,564261,1122273,711731,410542,410394,381943,28451,5570334,388983,381332,1468599,3058097,2603764,152528,2635034,2624405,1887900,508969,15463,212073,10629,20170610,27082017
1998:Q2,SomeCollege,8633345,3017313,2334388,682925,5616032,613912,140453,339204,241112,98092,89642,63873,25769,1315428,138581,156330,513957,1369542,856846,82138,1557161,1553371,1055816,438748,7939,50868,3790,7076183,25642417
1998:Q2,HS,7896309,2886753,2212840,673913,5009557,688123,87966,191261,117632,73628,71441,50153,21287,1041544,152191,158785,397783,1452195,685539,82729,1159870,1155685,783399,319335,4667,48283,4185,6736439,32585029
1998:Q2,NoHS,2095471,965098,736951,228147,1130372,222067,13242,61000,38543,22457,30606,18570,12036,107586,22763,26718,50611,410414,159816,25549,261678,261032,152586,100692,2461,5292,646,1833793,16942686
1998:Q3,College,22573903,5825817,4608490,1217326,16748086,1459012,620653,1182407,781868,400539,440493,413429,27064,4953147,395545,381195,1359962,3145609,2654799,155263,2699567,2689113,1936843,525712,17467,209091,10454,19874335,27356966
1998:Q3,SomeCollege,8544718,3074347,2392967,681380,5470371,609910,149751,362190,271102,91088,94726,68578,26148,1169965,137977,154047,468514,1376522,863947,82821,1592167,1588458,1079024,449602,8471,51360,3709,6952551,25629939
1998:Q3,HS,7760981,2907483,2226538,680945,4853498,686814,90851,192745,121327,71418,69406,49264,20142,920545,151179,149890,360572,1456807,691803,82885,1169922,1165881,787873,323469,5113,49427,4041,6591059,32678256
1998:Q3,NoHS,2040497,958340,741262,217078,1082157,217109,14406,56931,33990,22940,33526,21531,11995,91853,20172,23881,49482,397776,151811,25211,262481,261935,152416,101935,2707,4877,546,1778016,16883656
1998:Q4,College,24167507,6031315,4792769,1238546,18136191,1519482,668023,1156009,793587,362422,432935,404336,28599,5922005,411899,400960,1568202,3204910,2694162,157603,2786979,2777350,1999064,546970,20548,210768,9629,21380528,27610646
1998:Q4,SomeCollege,8813556,3089645,2405583,684062,5723910,633323,156656,330194,257889,72305,97587,70965,26622,1325829,145284,162817,535239,1405154,849474,82355,1604025,1600379,1082118,454259,9098,54903,3646,7209531,25603468
1998:Q4,HS,8007449,2942026,2256799,685227,5065423,707040,93959,176122,115611,60511,71895,51467,20428,1048113,155463,159976,405523,1477770,687621,81942,1203051,1199250,808556,337013,6873,46807,3802,6804398,32780871
1998:Q4,NoHS,2087302,963585,737658,225928,1123716,222080,14957,48515,29533,18983,30297,19023,11274,115628,22081,27099,51138,413398,153729,24794,269630,269091,158852,103030,2806,4403,540,1817671,16848635
1999:Q1,College,24562733,6231222,4965510,1265712,18331512,1502890,714882,1147429,756300,391129,427493,397274,30219,5988095,416711,407364,1624926,3252125,2689854,159743,2853725,2843258,2053474,555947,19398,214440,10467,21709008,27845812
1999:Q1,SomeCollege,8806706,3100536,2418582,681955,5706170,634122,163437,312928,229702,83225,100279,73174,27104,1307168,149879,162988,545815,1427245,820503,81806,1601531,1597710,1081254,449123,8519,58815,3821,7205175,25566264
1999:Q1,HS,8003751,2961240,2268804,692435,5042512,704497,97167,170748,105294,65454,73919,53202,20717,1021264,156620,161736,411372,1492073,672178,80939,1219624,1215621,827769,337067,6467,44318,4002,6784128,32891012
1999:Q1,NoHS,2102415,957609,736441,221168,1144806,222357,15522,44496,26957,17539,27409,16754,10656,124109,23718,29237,51690,427918,153966,24385,272524,271921,165140,100262,2486,4033,603,1829891,16835002
1999:Q2,College,25487043,6454428,5160679,1293748,19032615,1477757,701527,1104923,730157,374766,425727,394104,31623,6525804,426173,420124,1715893,3302957,2769574,162156,2953454,2942977,2115689,574033,20545,232710,10477,22533589,28067252
1999:Q2,SomeCollege,8925645,3124391,2439962,684429,5801254,632465,159172,283815,208468,75347,102915,75390,27526,1376941,155554,167197,568627,1451470,821679,81416,1612922,1609044,1084281,450531,8549,65683,3878,7312723,25522093
1999:Q2,HS,8142259,3015688,2314593,701095,5126570,699787,95981,157540,97128,60413,75274,54254,21020,1074218,159153,167605,426367,1509718,680722,80205,1251511,1247523,851166,346717,7289,42351,3988,6890747,33005867
1999:Q2,NoHS,2151308,973822,748249,225572,1177486,222365,14746,39219,24229,14990,24649,14709,9940,140689,25513,31965,52629,443598,158025,24089,280176,279543,172556,100300,2372,4316,633,1871131,16838973
1999:Q3,College,25607530,6710573,5380386,1330187,18896956,1486951,729036,1088158,721941,366217,445860,412678,33183,6225748,424909,414283,1674550,3341630,2899146,166684,3051347,3040889,2192312,595150,17568,235858,10458,22556183,28279753
1999:Q3,SomeCollege,8873851,3150100,2464815,685285,5723751,640990,162455,266117,194881,71236,106968,78989,27979,1292980,158717,159743,544377,1469148,840142,82113,1628140,1624209,1092832,454435,7514,69428,3932,7245710,25474723
1999:Q3,HS,8111479,3061758,2347772,713985,5049721,705741,97919,148958,91536,57422,73479,52159,21320,990827,158783,161835,407979,1519896,703219,81085,1286398,1282429,875938,360706,5921,39864,3968,6825081,33122630
1999:Q3,NoHS,2179376,981441,760196,221245,1197935,224888,14930,34295,21353,12942,22385,13033,9352,142188,27033,33086,52462,457969,164355,24345,288329,287667,180177,101603,1957,3929,663,1891047,16856764
1999:Q4,College,27523955,6922869,5566420,1356448,20601087,1529024,805298,999354,769880,229474,492202,457582,34619,7478228,455851,447358,1840509,3406784,2952292,194187,3170906,3159954,2258782,614539,16975,269658,10952,24353049,28488102
1999:Q4,SomeCollege,9194756,3163729,2476595,687134,6031027,659225,174523,227256,198292,28963,112812,84413,28399,1489929,169369,176539,593251,1501151,832656,94317,1642603,1638547,1093403,458638,7119,79386,4056,7552153,25427919
1999:Q4,HS,8423943,3108356,2386487,721869,5315587,721701,103583,122564,91803,30761,67930,46303,21626,1158313,167229,180512,442254,1547484,704853,99162,1312591,1308512,887629,376890,5809,38185,4079,7111352,33238490
1999:Q4,NoHS,2251188,992145,766503,225642,1259044,229754,16207,25125,17360,7765,20370,11658,8712,171809,29505,37709,54231,476602,167446,30285,295348,294634,184450,103555,1745,4885,715,1955840,16884593
2000:Q1,College,28406145,7230449,5835625,1394824,21175696,1549711,857577,908947,719239,189708,497801,462550,35251,7909458,464294,461424,1918854,3457746,2951495,198389,3264891,3254511,2316924,620067,17979,299540,10380,25141254,28697086
2000:Q1,SomeCollege,9309650,3212752,2521816,690936,6096898,671243,182146,196111,175273,20838,115539,86918,28621,1536982,174788,181384,610946,1525390,807659,94710,1641773,1637737,1088886,453220,7169,88462,4036,7667877,25385447
2000:Q1,HS,8550822,3176669,2440710,735958,5374153,731138,107436,107065,83044,24021,68435,46481,21954,1192202,169484,187188,454266,1565365,691929,99645,1318733,1314813,893123,378965,6505,36220,3920,7232089,33350638
2000:Q1,NoHS,2314008,1018647,792446,226201,1295361,233299,16948,21719,16051,5667,17621,10004,7617,186533,31355,40672,55242,493321,168221,30429,296817,296095,187279,101514,1642,5661,722,2017191,16918676
2000:Q2,College,28510251,7583794,6151931,1431863,20926457,1543648,837776,896715,690745,205970,477369,441516,35854,7567832,463458,462815,1901255,3499900,3072177,203513,3349135,3338673,2394369,643365,16144,284795,10462,25161116,28911492
2000:Q2,SomeCollege,9283261,3263934,2568696,695238,6019327,675578,176963,185127,160072,25055,116130,87296,28834,1449819,178078,178297,595601,1544860,823323,95551,1653081,1648974,1095656,458307,6465,88545,4107,7630181,25351075
2000:Q2,HS,8560930,3255650,2506599,749050,5305280,732391,105885,103198,76841,26357,72547,50277,22270,1105069,169180,185710,442283,1576657,711613,100748,1353326,1349401,913919,396443,5739,33300,3925,7207604,33456266
2000:Q2,NoHS,2357641,1040909,812353,228556,1316732,235126,16121,19493,14279,5214,14797,8264,6533,186676,32938,42473,55361,508757,174203,30788,304412,303655,194152,103656,1378,4469,757,2053229,16955230
2000:Q3,College,29070486,7913176,6444234,1468941,21157310,1538902,877317,881733,670946,210786,491570,455143,36426,7530078,468211,473233,1927269,3548280,3211798,208920,3460435,3450128,2473686,672204,12925,291314,10307,25610050,29136107
2000:Q3,SomeCollege,9350054,3308067,2612372,695694,6041988,680429,182313,175057,148325,26732,119267,90229,29038,1417082,182672,180759,595469,1567536,844891,96514,1671865,1667719,1102522,466988,5330,92879,4146,7678190,25328567
2000:Q3,HS,8621252,3312153,2551100,761053,5309099,733697,108737,98672,71806,26865,71783,49214,22569,1066738,170290,189774,441079,1590669,735706,101955,1392897,1389029,933482,420387,4358,30803,3868,7228354,33552563
2000:Q3,NoHS,2403552,1056124,833637,222487,1347428,236983,16581,17001,12481,4520,12293,6838,5455,191954,34678,45090,55859,524918,180883,31188,314300,313517,200756,107495,1059,4207,782,2089253,16990471
2000:Q4,College,28809035,8229374,6728534,1500840,20579661,1588879,947357,972868,735047,237821,545603,508594,37008,6657624,466798,466619,1849381,3586659,3285985,211888,3527459,3516637,2539988,705165,15765,255718,10822,25281576,29375718
2000:Q4,SomeCollege,9237647,3339257,2638300,700957,5898390,701341,192916,189735,156487,33248,125531,96284,29247,1243071,185867,172866,560827,1584877,845077,96281,1680706,1676426,1104515,477328,5977,88607,4280,7556941,25321692
2000:Q4,HS,8530854,3384934,2614630,770304,5145920,750746,113776,104856,74047,30809,65624,42775,22849,904688,169625,182982,414394,1596442,741559,101229,1437205,1433231,953018,446845,5855,27512,3975,7093649,33636722
2000:Q4,NoHS,2437594,1082287,852633,229654,1355307,242292,17669,13282,9038,4244,10035,5631,4404,179809,36207,46058,55206,539231,184564,30954,323713,322876,207706,111929,1069,2172,836,2113881,17020617
2001:Q1,College,28693809,8719437,7187138,1532300,19974371,1696773,1052867,914795,614817,299979,526871,488387,38484,5961193,473871,462769,1698248,3637419,3332953,216614,3573574,3563378,2602499,717454,9397,234028,10196,25120234,29635113
2001:Q1,SomeCollege,9178994,3426318,2722173,704146,5752676,738821,209435,173106,124258,48848,126140,96449,29691,1101961,191062,166789,503186,1608563,836720,96891,1672896,1668638,1104195,473547,3882,87014,4258,7506099,25334214
2001:Q1,HS,8529329,3510031,2731969,778062,5019298,783650,121209,101743,61244,40499,69543,46439,23104,774850,171053,177795,370487,1607918,739409,101640,1449525,1445728,969100,449060,3070,24499,3797,7079804,33705932
2001:Q1,NoHS,2501776,1128696,896456,232240,1373080,250943,19464,13946,9571,4375,7994,4145,3848,169457,37966,47205,53472,554712,186827,31094,325770,324930,213831,109663,655,781,839,2176006,17041883
2001:Q2,College,29778424,9047695,7486334,1561361,20730728,1710961,1052303,863199,557403,305796,531097,491209,39888,6474547,491203,473973,1779228,3698878,3429436,225903,3695917,3685958,2698786,741453,5937,239782,9959,26082507,29919078
2001:Q2,SomeCollege,9335985,3452087,2747551,704536,5883898,749699,207709,158079,107761,50318,128475,98350,30124,1168402,198665,169568,522217,1637349,844089,99646,1694932,1690641,1121347,475611,2525,91157,4291,7641053,25369901
2001:Q2,HS,8683732,3561964,2778894,783070,5121768,788353,120772,94824,53966,40858,70216,46876,23339,820423,174945,181516,382040,1634387,749142,105149,1490476,1486765,1004961,457927,1824,22053,3712,7193255,33757385
2001:Q2,NoHS,2551206,1142413,912585,229828,1408793,253374,18989,12269,8623,3646,6071,2821,3250,184434,40002,49707,54395,566424,190881,32247,335935,335077,224924,109258,394,501,858,2215271,17050486
2001:Q3,College,29309627,9374496,7780093,1594403,19935131,1741671,1105725,968625,672063,296563,626319,584990,41329,5432180,481054,472611,1616032,3751249,3502687,236977,3878144,3867675,2807776,760045,9899,289956,10468,25431483,30232401
2001:Q3,SomeCollege,9184235,3480896,2776215,704681,5703338,765518,215153,174055,126166,47889,138235,107658,30577,973895,200009,164976,462916,1661266,844129,103186,1726999,1722566,1137581,476636,3813,104536,4432,7457236,25432519
2001:Q3,HS,8538661,3612534,2823929,788604,4926127,796699,124036,99217,60493,38725,58831,35281,23550,649553,171412,177293,336141,1651775,751525,109645,1517792,1513989,1021734,468570,3449,20235,3802,7020869,33788272
2001:Q3,NoHS,2546148,1146732,923061,223672,1399415,256417,19596,8052,5235,2818,4365,1699,2666,164028,41091,50884,52051,575686,193535,33711,342942,342032,230461,109100,504,1967,910,2203206,17042644
2001:Q4,College,30487071,9631254,8007637,1623617,20855817,1802424,1160950,891841,596658,295183,577519,534827,42692,6164757,505389,479989,1713532,3838175,3479429,241811,3911300,3900853,2856617,795750,2127,246357,10447,26575771,30577670
2001:Q4,SomeCollege,9385049,3539971,2825944,714028,5845077,765746,223106,159179,109838,49342,134047,104450,29597,1081608,202932,170161,487765,1674318,841730,104485,1751765,1747374,1160861,493546,821,92147,4392,7633283,25524528
2001:Q4,HS,8741127,3654606,2857702,796904,5086520,806297,132342,94718,55806,38912,68187,44188,23999,733189,175591,184607,358402,1691518,731289,110380,1568065,1564312,1055020,488559,576,20157,3753,7173062,33797385
2001:Q4,NoHS,2604592,1188919,959168,229751,1415673,267812,21879,11769,8536,3234,5169,2049,3120,176156,40405,49636,52402,564434,191659,34350,354427,353554,239287,113972,162,134,872,2250165,17015667
2002:Q1,College,31017849,9889749,8246598,1643151,21128100,1873406,1133745,851267,572153,279114,561746,517388,44358,6236495,527422,475388,1796220,3911157,3514502,246753,4009401,3998632,2954907,795467,607,247652,10768,27008449,30948684
2002:Q1,SomeCollege,9484342,3611005,2890272,720734,5873337,769078,217341,150762,103743,47018,132712,104019,28692,1078521,205283,168499,507684,1680145,857477,105835,1779730,1775330,1193926,492128,212,89065,4400,7704612,25643175
2002:Q1,HS,8841296,3703858,2904867,798991,5137438,817635,134389,91363,54674,36690,73124,48697,24427,725662,178842,184545,376465,1719466,724969,110979,1569306,1565526,1060576,484071,151,20728,3779,7271990,33789923
2002:Q1,NoHS,2631983,1221503,986085,235418,1410480,279185,22369,13911,10469,3442,6158,2459,3698,172722,39553,47175,52420,550152,191911,34924,352218,351369,239401,111851,53,64,849,2279765,16971248
2002:Q2,College,30739643,10158319,8490084,1668235,20581324,1887026,1090799,934245,582946,351299,524447,478673,45774,5670260,540290,468482,1662287,3980489,3567949,255048,4119432,4108669,3070248,811044,-6249,233625,10763,26620211,31337044
2002:Q2,SomeCollege,9425541,3680753,2950905,729849,5744788,757355,209095,172263,104447,67816,129854,102127,27727,972638,205619,165631,460187,1684284,879120,108743,1821174,1816809,1236058,500038,-2146,82859,4366,7604367,25784396
2002:Q2,HS,8797341,3742801,2939563,803238,5054540,812623,134862,104945,56315,48630,80958,56117,24841,634106,179580,183035,345015,1743087,722580,113748,1593355,1589628,1076659,493180,-1246,21036,3727,7203986,33772688
2002:Q2,NoHS,2627891,1243745,1002078,241667,1384145,286365,22441,16733,12024,4709,6959,2834,4125,155713,38375,44489,49617,534618,192650,36184,355620,354809,242075,113382,-647,0,811,2272271,16912173
2002:Q3,College,30073174,10447767,8743934,1703832,19625407,1970597,1065911,949685,549408,400277,516225,468724,47501,4653254,546123,462840,1509814,4050696,3637929,262333,4243472,4232108,3184653,829808,-7540,225188,11365,25829701,31734350
2002:Q3,SomeCollege,9322256,3763805,3026250,737555,5558451,764842,204001,180925,97033,83893,129609,102777,26832,795844,204498,163637,408439,1689254,906197,111204,1869935,1865521,1281616,508413,-2357,77849,4413,7452322,25944132
2002:Q3,HS,8692149,3766472,2954726,811746,4925677,826251,136354,111157,54060,57097,85229,59979,25249,490085,178507,182305,310103,1766127,723873,115686,1627939,1624128,1104881,499215,-1418,21449,3811,7064210,33752482
2002:Q3,NoHS,2613404,1261749,1024099,237651,1351655,297416,22804,19165,13416,5749,7970,3287,4683,129245,36978,41933,46417,518742,193842,37143,362148,361351,248010,114172,-831,0,797,2251256,16841228
2002:Q4,College,30874625,10718594,8986688,1731906,20156031,2009986,1120012,996102,508427,487675,499760,450545,49215,4953255,553821,479502,1582564,4135232,3552001,273796,4381172,4369734,3302964,852000,-12087,226858,11437,26493453,32132202
2002:Q4,SomeCollege,9493667,3847858,3104153,743705,5645809,761094,212118,202166,88547,113619,128983,103055,25928,832943,203879,174525,425906,1701899,886697,115598,1923565,1919171,1328516,519407,-3608,74856,4394,7570101,26118321
2002:Q4,HS,8793810,3791755,2975313,816443,5002055,827981,143822,123552,50933,72619,90805,65147,25659,512165,177912,194759,325349,1797487,687828,120394,1665042,1661266,1131569,509599,-1971,22069,3775,7128768,33736106
2002:Q4,NoHS,2631108,1283776,1049645,234130,1347333,305211,24742,21663,14324,7339,8956,3743,5212,131225,35633,41294,46369,504524,188746,38970,368595,367834,253264,116002,-1432,0,761,2262513,16761201
2003:Q1,College,31095182,10963497,9218550,1744948,20131684,2131600,1078687,938393,484600,453793,509003,458469,50534,4715782,569419,485874,1590668,4198043,3633102,281113,4503164,4490654,3406287,855730,-11882,240519,12510,26592017,32522201
2003:Q1,SomeCollege,9562954,3926735,3176351,750384,5636220,778960,204626,187556,83405,104151,130492,105555,24937,784391,205033,179786,424044,1704719,918456,118156,1964319,1959821,1369646,519293,-3191,74073,4499,7598635,26302903
2003:Q1,HS,8849309,3837616,3022886,814731,5011693,851446,143749,115784,49205,66579,93184,67108,26076,469023,179277,201367,326427,1816740,692417,122278,1680169,1676210,1153960,501266,-1931,22915,3960,7169140,33730361
2003:Q1,NoHS,2646933,1313007,1073486,239521,1333926,317910,24638,22342,15048,7293,9840,4301,5539,121931,34498,39750,45418,487516,190246,39837,369508,368745,257349,112834,-1438,0,763,2277424,16674878
2003:Q2,College,32720460,11241591,9473524,1768067,21478868,2190758,1050900,873660,437209,436451,609981,557799,52182,5597805,595512,503241,1770276,4270536,3728607,287592,4751079,4738238,3560903,873493,-10389,314230,12841,27969381,32895948
2003:Q2,SomeCollege,9889853,4021741,3263209,758532,5868111,781171,199533,174618,74324,100294,137886,113875,24011,911642,208444,191730,473915,1713390,955372,120411,2046546,2042033,1432710,527992,-2477,83808,4513,7843307,26493817
2003:Q2,HS,9068980,3883620,3065079,818541,5185360,859156,144609,108801,45158,63643,81771,55259,26512,559980,183199,214803,364960,1843475,700911,123695,1724353,1720371,1190568,507125,-1733,24410,3982,7344627,33742049
2003:Q2,NoHS,2678496,1335046,1094128,240918,1343450,326395,24769,22494,15075,7419,11150,5135,6015,134459,33623,39086,46671,472017,192273,40514,378950,378213,264198,113319,-1266,1962,737,2299546,16585045
2003:Q3,College,33552646,11544642,9744429,1800213,22008004,2204184,1007976,864383,491918,372465,603489,550512,52977,5945636,617000,512980,1813702,4334740,3806407,297506,4899493,4886564,3715296,889525,-15366,297109,12929,28653153,33245042
2003:Q3,SomeCollege,10074115,4126476,3359716,766760,5947639,772544,192102,165456,83248,82207,138335,115424,22911,953924,210940,199612,483123,1719370,987933,124300,2108629,2104128,1492874,537715,-3558,77097,4500,7965486,26687002
2003:Q3,HS,9182804,3919059,3091610,827449,5263745,856306,144117,103798,50823,52975,86332,59365,26968,586735,186198,224188,374189,1868199,706143,127540,1759597,1755639,1215288,517681,-2262,24932,3959,7423207,33777970
2003:Q3,NoHS,2688481,1352545,1116124,236422,1335935,331813,24542,23721,16963,6758,11832,5735,6097,135842,32640,37807,46181,455954,193673,41930,382149,381446,267475,114755,-1956,1172,703,2306332,16494490
2003:Q4,College,35013816,11836671,10007471,1829199,23177145,2248730,975137,951710,540702,411008,590199,535954,54245,6694287,637076,531803,1978080,4402365,3859893,307866,5033685,5020759,3830604,910486,12769,266901,12926,29980131,33561085
2003:Q4,SomeCollege,10404347,4236338,3459978,776359,6168010,772394,186494,186898,91147,95751,138794,116890,21903,1056479,213223,213321,528996,1728607,1014310,128493,2166391,2161912,1543101,548938,1727,68145,4479,8237957,26878396
2003:Q4,HS,9423691,3969349,3132792,836557,5454342,862812,144431,115778,56029,59750,92470,65009,27461,662340,189135,239636,410070,1898710,707063,131896,1808444,1804521,1248591,527476,3042,25412,3923,7615247,33844927
2003:Q4,NoHS,2719061,1377949,1142463,235486,1341112,339204,24499,26458,18761,7698,12774,6368,6407,143489,31646,37235,47062,440979,194311,43456,391420,390753,273317,116033,1403,0,667,2327642,16405999
2004:Q1,College,36797822,12276346,10415924,1860422,24521476,2342620,941223,1571904,1139845,432059,605307,549164,56142,7072914,644001,544659,2010875,4503842,3971673,312458,5147187,5134257,3933846,910917,11694,277801,12930,31650635,33835677
2004:Q1,SomeCollege,10823913,4393541,3604106,789435,6430372,784994,180859,302676,198378,104298,141036,120027,21008,1102110,212961,224006,535864,1756064,1059570,130232,2208657,2204195,1587079,549372,1464,66280,4461,8615256,27063940
2004:Q1,HS,9733650,4075659,3226754,848904,5657991,883425,144670,172252,108483,63769,94251,66247,28004,694080,189471,252325,418426,1953293,722992,132808,1827352,1823455,1271624,522787,2676,26368,3897,7906298,33949721
2004:Q1,NoHS,2773792,1426212,1187207,239005,1347580,349947,24413,29565,21196,8369,14135,7124,7011,144345,30410,36230,46520,430877,197302,43836,391676,391044,276139,113396,1320,189,632,2382116,16322359
2004:Q2,College,37448168,12677904,10780702,1897201,24770264,2395717,904944,1422303,1017833,404470,631799,573773,58027,7057838,656450,550500,2032570,4609866,4191538,316738,5331578,5318027,4093496,919132,11450,293948,13551,32116590,34060418
2004:Q2,SomeCollege,11064555,4552846,3753341,799505,6511709,788225,174966,272259,174876,97382,143857,123757,20100,1088957,213954,230977,540028,1787397,1139106,131983,2281503,2276987,1655408,555104,1308,65168,4515,8783053,27239573
2004:Q2,HS,9907558,4158192,3292647,865546,5749365,895950,144744,160303,100684,59620,94068,65466,28602,679306,191534,261723,425537,1996654,765604,133942,1871850,1867840,1310540,527314,2557,27430,4009,8035708,34099152
2004:Q2,NoHS,2796492,1451769,1218908,232862,1344722,358318,24264,32984,24776,8208,15593,7966,7627,138995,29346,34764,45943,415854,204415,44246,397425,396806,281829,112989,1319,669,619,2399066,16246355
2004:Q3,College,38210474,13050975,11142955,1908020,25159499,2417632,869217,1525054,1094251,430804,613182,553403,59779,7034793,666179,559469,2026414,4713150,4409398,325010,5468428,5454591,4223207,938889,-3285,295780,13837,32742046,34226909
2004:Q3,SomeCollege,11360404,4722811,3914267,808543,6637593,784690,169294,296039,188165,107873,145055,125898,19158,1075384,214554,240421,536559,1819835,1220070,135692,2349040,2344507,1715543,567888,-447,61523,4533,9011363,27401232
2004:Q3,HS,10205884,4325918,3452393,873525,5879966,903296,144965,174005,109096,64909,102596,73334,29262,665302,193550,274182,428009,2045513,810367,138180,1927364,1923301,1352534,542864,-593,28497,4063,8278520,34300023
2004:Q3,NoHS,2842511,1501232,1263461,237771,1341278,365061,24122,35466,26469,8997,17009,8798,8211,133770,28287,33595,45179,401498,211711,45581,404244,403647,288209,115234,-411,616,597,2438267,16180776
2004:Q4,College,39988532,13493662,11554697,1938965,26494870,2516330,868378,1644271,1306649,337622,685064,625593,59471,7626270,685564,583013,2204071,4811426,4537087,333396,5652052,5637863,4352809,960769,-4389,328674,14189,34336480,34329751
2004:Q4,SomeCollege,11760550,4872282,4044093,828190,6888268,810849,170541,307007,230355,76652,145558,124582,20975,1157046,216400,257969,581926,1893962,1206308,140703,2418930,2414383,1769232,581623,-678,64205,4548,9341619,27545824
2004:Q4,HS,10528948,4470337,3578830,891507,6058611,916660,144821,176287,127967,48319,89756,59957,29799,739493,198903,281191,460706,2071351,834300,145144,2009003,2004838,1418742,558022,-817,28892,4165,8519945,34556213
2004:Q4,NoHS,2858820,1529469,1289911,239558,1329351,356287,25598,32237,24957,7280,17670,8882,8788,142775,28303,31825,48695,385979,212802,47181,423222,422624,299795,119705,-556,3680,599,2435598,16127531
2005:Q1,College,40579457,13866225,11909538,1956687,26713231,2610719,832639,1587073,1236333,350741,673115,613939,59175,7645511,686410,590873,2200801,4871006,4677375,337710,5724988,5710611,4433321,962488,-12782,327585,14377,34854469,34375545
2005:Q1,SomeCollege,11969487,5021280,4174484,846796,6948207,836573,166003,298385,219835,78550,143186,120339,22847,1154666,214703,266225,573836,1952245,1198319,144068,2456597,2452051,1813013,580285,-2481,61233,4546,9512890,27674117
2005:Q1,HS,10770140,4651764,3745421,906343,6118376,930646,141479,174593,124787,49806,93495,63103,30392,746194,200663,279444,455763,2081972,864100,150026,2081707,2077463,1505541,544903,-2174,29194,4245,8688433,34859920
2005:Q1,NoHS,2857790,1549907,1304593,245313,1307884,347264,26334,34781,27221,7560,18267,8840,9427,143697,28011,29085,50459,367091,214813,48081,438329,437733,316686,117298,-1705,5454,597,2419461,16085022
2005:Q2,College,41679659,14240149,12270379,1969770,27439510,2663262,810795,1678091,1307247,370844,680575,622097,58478,7862313,690870,606213,2274486,4933055,4900077,339772,5872962,5858076,4563479,973520,-7780,328857,14886,35806697,34373892
2005:Q2,SomeCollege,12294538,5174417,4305859,868559,7120121,852855,163963,319128,236613,82516,141429,116738,24691,1182399,213834,279525,589370,2014265,1216790,146564,2521898,2517318,1872257,587955,-1573,58679,4580,9772640,27787847
2005:Q2,HS,11123542,4864158,3942360,921798,6259383,935908,139810,185804,133260,52544,93410,62382,31028,779728,203707,283106,468653,2099575,915775,153908,2170420,2166018,1586452,551527,-1529,29568,4402,8953122,35200418
2005:Q2,NoHS,2865191,1573932,1315699,258233,1291259,335866,27459,35444,27456,7988,18781,8844,9937,147740,27831,26942,53070,349408,220085,48634,456856,456251,330572,119387,-1031,7324,606,2408335,16050777
2005:Q3,College,42853754,14649150,12669145,1980005,28204604,2741242,819874,1507796,1220291,287505,678538,621442,57096,8270630,702011,616152,2380453,4989083,5149433,349390,6024138,6009823,4693011,990346,-7371,333837,14314,36829617,34334394
2005:Q3,SomeCollege,12642929,5348813,4466021,882792,7294116,875684,167416,280712,222817,57895,139237,112796,26441,1239227,214369,289748,615084,2075440,1244577,152622,2592103,2587605,1932814,599692,-1658,56758,4498,10050826,27888747
2005:Q3,HS,11507856,5074788,4137960,936828,6433067,948282,141526,167836,128907,38929,95170,63472,31697,840158,208671,284038,489628,2118016,976445,163298,2269338,2264998,1671260,565278,-1551,30011,4340,9238518,35566982
2005:Q3,NoHS,2879875,1597198,1338908,258290,1282678,325854,29447,36112,29715,6398,19024,8843,10181,154724,27811,24520,56086,331723,226588,50787,476797,476215,344796,123069,-995,9345,582,2403078,16022321
2005:Q4,College,43802813,14998792,13005251,1993541,28804021,2798861,868645,1581971,1235929,346042,679979,625205,54774,8373639,706023,629025,2468399,5043595,5292968,360916,6139071,6125107,4805988,1004486,-3860,318494,13963,37663742,34266654
2005:Q4,SomeCollege,12948970,5497569,4598864,898705,7451401,894009,177922,301110,229123,71987,136958,108932,28026,1251108,213538,302081,635852,2137512,1241628,159684,2652341,2647902,1986907,610530,-928,51394,4439,10296628,27978553
2005:Q4,HS,11857080,5278355,4323495,954860,6578725,956313,147326,181044,133300,47744,96076,63691,32385,863368,212271,287246,507568,2138627,1014429,174456,2364934,2360607,1752231,578932,-922,30366,4327,9492147,35948889
2005:Q4,NoHS,2891581,1623218,1364054,259165,1268363,314626,32589,38360,30743,7617,18884,8857,10027,157496,27677,22341,58966,314350,229680,53393,494993,494427,357742,126607,-523,10601,566,2396588,15997180
2006:Q1,College,45297018,14987781,12988775,1999006,30309237,2951915,866199,1646597,1304441,342156,699376,648559,50817,9461566,658406,642498,2549310,5101561,5372283,359525,6307834,6293754,4945953,1008713,3137,335951,14081,38989183,34180273
2006:Q1,SomeCollege,13265518,5533998,4614768,919230,7731519,935295,179620,315640,246301,69339,134876,105608,29268,1410261,202368,314995,654829,2202468,1220279,160888,2724334,2719902,2051794,615778,766,51564,4432,10541183,28058999
2006:Q1,HS,12230997,5395996,4425404,970592,6835001,986983,147958,189396,142590,46806,92886,59821,33065,1019798,203695,291121,524586,2163109,1038460,177010,2459268,2454851,1838158,584854,904,30935,4417,9771728,36335412
2006:Q1,NoHS,2881315,1617669,1345686,271983,1263646,307561,34508,38854,31256,7599,18053,8907,9146,174238,26560,20234,61804,297673,230720,53440,513379,512814,371033,128240,417,13123,565,2367936,15972882
2006:Q2,College,45473872,15166820,13155171,2011649,30307052,2998787,891319,1605553,1199289,406263,731200,685556,45643,9182012,658784,648004,2538378,5151791,5543152,358072,6459763,6445579,5076047,1014911,8641,345979,14185,39014109,34084852
2006:Q2,SomeCollege,13401637,5629249,4693990,935258,7772388,951391,186205,313654,228242,85413,132779,102581,30198,1365233,200781,322864,646295,2264206,1226915,162064,2793102,2788679,2116024,620014,2185,50457,4422,10608535,28131820
2006:Q2,HS,12430631,5547127,4557790,989337,6883504,992065,151229,193044,136220,56824,86595,52903,33692,994333,206454,290052,521374,2183392,1085396,179569,2558463,2553957,1933626,585931,2937,31464,4506,9872168,36715828
2006:Q2,NoHS,2859963,1620530,1347544,272986,1239433,295092,37262,42198,33275,8923,16691,8979,7712,171816,26371,17676,63633,280218,234991,53487,532217,531654,386394,128756,1132,15372,563,2327746,15946951
2006:Q3,College,46278266,15288208,13261927,2026280,30990058,3062791,938195,1578368,1214026,364343,722367,682803,39563,9471019,673845,660930,2618431,5209876,5698050,356187,6590762,6576563,5166290,1043540,11854,354878,14200,39687503,33989993
2006:Q3,SomeCollege,13636149,5702901,4751998,950903,7933248,971461,196643,306544,234447,72097,129002,98181,30821,1404885,202113,335535,665139,2329953,1228969,163003,2855374,2850972,2163449,635178,3219,49127,4402,10780775,28198751
2006:Q3,HS,12719556,5674914,4666175,1008739,7044641,1000219,156348,190381,140710,49671,88500,54290,34210,1046288,212748,293592,538393,2207566,1128859,181748,2660528,2655955,2019051,600314,4616,31974,4573,10059027,37079411
2006:Q3,NoHS,2844502,1621978,1349623,272356,1222524,282954,40715,42470,34310,8160,14847,8983,5863,177313,26461,15576,66454,263624,238681,53432,551733,551174,399634,132408,1551,17581,559,2292769,15916915
2006:Q4,College,47342719,15287885,13256730,2031155,32054834,3131318,1007194,1450164,1097098,353066,724398,689551,34847,10182163,694860,676493,2745932,5273940,5807331,361041,6696464,6682167,5217097,1060648,21693,382728,14298,40646254,33905298
2006:Q4,SomeCollege,13884127,5731847,4764951,966897,8152280,992321,210924,280723,213203,67520,125615,93934,31681,1507555,204549,349874,698206,2398204,1217277,167032,2898288,2893900,2190760,646573,5565,51004,4388,10985839,28261527
2006:Q4,HS,13035979,5771823,4749115,1022708,7264156,1007926,163052,179421,131927,47494,88252,53565,34687,1158219,220400,298568,565910,2233195,1160606,188607,2744764,2740108,2083189,613723,10624,32572,4655,10291216,37415438
2006:Q4,NoHS,2831635,1617871,1340372,277499,1213764,270461,44859,43371,35388,7983,13614,8996,4618,188529,26645,13625,69777,247522,240665,54696,567808,567252,408299,135772,2653,20526,556,2263827,15880299
2007:Q1,College,48079041,15115781,13081631,2034149,32963260,3286801,1041079,1509600,1128769,380831,748678,718098,30580,10655023,703864,684020,2796918,5333249,5842888,361138,6777496,6762823,5305052,1059183,15456,383132,14673,41301545,33840368
2007:Q1,SomeCollege,14024706,5694629,4708452,986176,8330077,1033325,219026,295604,222492,73112,122756,90178,32577,1573567,204436,358729,707765,2462868,1183270,168731,2931815,2927412,2229989,644197,5097,48129,4403,11092891,28321881
2007:Q1,HS,13225694,5802201,4767523,1034679,7423493,1033758,166038,189161,137741,51420,83028,47929,35099,1237077,224812,297898,575368,2252089,1172501,191763,2794656,2789860,2146036,603110,7759,32956,4795,10431038,37713182
2007:Q1,NoHS,2794849,1597322,1307694,289628,1197527,260428,48098,44979,36392,8587,12592,9034,3558,196166,26569,11218,72153,230527,239871,54928,574842,574281,416177,133682,2046,22375,562,2220006,15834630
2007:Q2,College,48707757,15044702,13001202,2043499,33663056,3297559,1084190,1442485,1114737,327748,816243,790166,26076,10953408,722416,705003,2929219,5393672,5949459,369403,6914480,6899790,5388036,1073025,14446,424283,14690,41793277,33804806
2007:Q2,SomeCollege,14160182,5689882,4685839,1004042,8470300,1039233,228604,280118,222036,58083,120767,87460,33308,1611841,206066,376210,741460,2522191,1169656,174154,2983837,2979463,2267982,653720,5560,52200,4375,11176345,28381551
2007:Q2,HS,13388723,5836766,4789331,1047435,7551957,1023329,169260,181148,138551,42597,67673,32291,35382,1289403,231205,305253,602382,2281935,1199855,200513,2873855,2869012,2213733,613746,8014,33519,4843,10514867,37961920
2007:Q2,NoHS,2764730,1576040,1279396,296644,1188690,244562,51609,44727,37202,7525,11495,9120,2375,201072,26635,9540,75347,225826,241170,56707,590240,589685,425442,136474,1978,25790,555,2174490,15777434
2007:Q3,College,49430724,14914313,12861506,2052807,34516411,3350634,1243846,1767344,1260006,507338,848065,825701,22363,11021694,731671,717172,2994107,5452544,6015945,373389,6991839,6976804,5457792,1110633,20177,388201,15036,42438885,33808212
2007:Q3,SomeCollege,14298450,5650017,4631152,1018864,8648434,1054185,257964,359909,255636,104273,117655,83456,34199,1613369,205629,387404,753852,2577902,1143190,177375,3027687,3023308,2299882,672578,7938,42910,4379,11270763,28442268
2007:Q3,HS,13550270,5880996,4823946,1057051,7669273,1019568,181160,226572,155781,70792,60131,24502,35629,1305066,234695,306008,612374,2304106,1214017,205578,2963813,2958857,2280111,631431,13784,33531,4956,10586456,38150927
2007:Q3,NoHS,2737426,1557444,1258224,299220,1179983,229570,58182,49248,38142,11107,10658,9129,1528,202438,26476,7366,77614,220313,240635,57483,605066,604508,434887,140910,2616,26096,558,2132360,15706237
2007:Q4,College,49207283,14817339,12747503,2069836,34389945,3468709,1380472,1806272,1276862,529410,985876,963603,22274,10500464,736255,724310,2962682,5543931,5898612,382362,7095978,7080937,5525327,1133861,22755,398995,15041,42111305,33857784
2007:Q4,SomeCollege,14128856,5583140,4552424,1030715,8545716,1096156,278654,360767,251816,108952,114549,82957,31591,1520886,206458,378281,729203,2558923,1121759,180081,3075178,3070817,2331443,684316,8954,46104,4361,11053678,28505541
2007:Q4,HS,13408843,5787131,4716733,1070399,7621711,1045431,191485,228421,155746,72675,34744,0,34744,1221228,236544,303821,601516,2333702,1212855,211964,2988789,2983827,2286041,648337,16048,33400,4962,10420054,38272936
2007:Q4,NoHS,2698552,1531191,1227352,303839,1167361,231012,56716,47879,37113,10766,10442,8218,2224,185933,27025,9758,73799,230234,236102,58461,605424,604860,434323,142963,2824,24750,565,2093128,15619261
2008:Q1,College,48221504,14536903,12440753,2096150,33684601,3598401,1554334,1859705,1308594,551111,1104830,1082301,22529,9727450,730653,714101,2811001,5632787,5562251,389088,7210097,7194059,5585754,1140884,26295,441126,16038,41011407,33951102
2008:Q1,SomeCollege,13723367,5432719,4392133,1040586,8290648,1139865,305103,364251,250881,113370,110276,81129,29147,1389342,205054,356500,668206,2535140,1035421,181491,3107154,3102711,2355477,682380,10133,54722,4443,10616213,28571961
2008:Q1,HS,13075708,5629739,4544648,1085090,7445970,1070883,203869,230987,156793,74194,33850,0,33850,1098325,235166,289000,561580,2353989,1152311,216009,2974892,2969707,2277751,639395,19266,33296,5185,10100816,38334515
2008:Q1,NoHS,2621429,1482194,1180642,301552,1139235,232225,55836,46336,35983,10353,10250,7219,3031,166134,27324,11197,68577,238897,223633,58826,598688,598089,431142,139349,3076,24522,600,2022741,15517503
2008:Q2,College,47687155,14328450,12210564,2117886,33358705,3509656,1503921,1980149,1444056,536093,1099580,1071907,27672,9390357,738544,716947,2822273,5736805,5466290,394182,7211000,7194641,5634642,1145828,19313,394857,16359,40476156,34083339
2008:Q2,SomeCollege,13460148,5310367,4265953,1044414,8149781,1130692,293721,377182,270457,106726,105910,77625,28285,1322683,206146,342325,655545,2515966,1017686,181924,3108704,3104256,2361949,685396,8928,47983,4448,10351443,28641889
2008:Q2,HS,12852462,5481610,4387500,1094110,7370852,1044423,199032,236717,167347,69371,33555,0,33555,1036997,236651,281472,557653,2377117,1149002,218233,2924208,2918971,2224259,649162,12844,32706,5237,9928254,38345688
2008:Q2,NoHS,2544521,1427859,1135527,292332,1116662,226657,49852,43292,33967,9326,12259,6304,5955,152258,27820,13331,65197,248331,218944,58722,582453,581840,418432,140068,2463,20877,613,1962068,15402656
2008:Q3,College,46386573,14110460,11974964,2135496,32276113,3613943,1510260,2174233,1583958,590275,1105593,1071837,33756,8265303,738621,714848,2633112,5835860,5280584,403758,7329929,7313660,5629149,1169672,35077,479762,16268,39056645,34249669
2008:Q3,SomeCollege,13052958,5180217,4128639,1051578,7872741,1166641,291653,410121,289647,120474,101855,74347,27507,1139119,205542,323861,584689,2491505,973460,184295,3130201,3125791,2358796,690470,12513,64012,4410,9922757,28715690
2008:Q3,HS,12502257,5345811,4246490,1099321,7156446,1059459,198031,252857,177137,75720,33179,0,33179,864891,235704,269693,507951,2391103,1120332,223247,2919913,2914728,2208606,645862,27731,32530,5185,9582344,38316481
2008:Q3,NoHS,2467568,1382657,1091318,291338,1084911,226363,45272,40451,31146,9305,14693,5431,9262,128646,28119,15174,59613,256311,210911,59359,579351,578738,415291,137809,3542,22095,614,1888217,15276414
2008:Q4,College,44221501,13867911,11736079,2131832,30353590,3792090,1705689,2446890,1835093,611797,834562,797705,36856,6522658,733907,687510,2304022,5923101,4989738,413423,7152421,7134898,5612988,1178316,35492,308101,17523,37069080,34445268
2008:Q4,SomeCollege,12510549,5043344,3990959,1052385,7467205,1219385,320692,453682,329280,124401,90368,64558,25810,868831,203881,288153,477344,2458708,899619,186543,3088899,3084399,2345700,690032,13229,35438,4499,9421650,28793726
2008:Q4,HS,12039193,5206484,4114857,1091627,6832708,1088779,210672,271269,194811,76458,58061,25591,32470,617284,233209,240922,428543,2392662,1063460,227848,2878356,2872928,2173268,640309,27786,31565,5427,9160837,38256920
2008:Q4,NoHS,2381150,1344133,1053730,290402,1037018,227696,44561,33663,24916,8746,15549,4379,11170,98055,28283,15570,52425,262180,199156,59880,561318,560666,408109,135131,3529,13896,651,1819833,15140469
2009:Q1,College,43149811,13644014,11513158,2130857,29505797,3745815,1690881,2661692,1932063,729630,762386,721068,41318,5856058,741324,699314,2222464,5998217,4711516,416129,7137715,7120499,5633460,1169888,27922,289229,17216,36012097,34665310
2009:Q1,SomeCollege,12138839,4911905,3860361,1051544,7226933,1218224,314818,496252,337359,158893,83262,58875,24387,758815,204517,276650,440938,2417900,830164,185394,3075860,3071424,2350303,675223,12479,33418,4436,9062979,28876359
2009:Q1,HS,11711738,5062113,3978299,1083814,6649625,1067265,207638,291578,198655,92923,70758,38955,31803,520312,233476,236314,403898,2382819,1008587,226980,2820846,2815533,2157940,606602,19884,31107,5313,8890892,38177029
2009:Q1,NoHS,2301600,1301336,1015495,285841,1000264,222653,39717,30869,21623,9246,17119,3498,13621,82080,28631,18168,48274,266045,187732,58977,546351,545707,404885,126429,3054,11340,644,1755249,14996515
2009:Q2,College,43936469,13487885,11347571,2140314,30448584,3739762,1604424,2356624,1621297,735327,785136,739321,45815,7098942,757630,744409,2476689,6102361,4361594,421012,7172885,7156837,5658578,1163147,33278,301834,16047,36763584,34904969
2009:Q2,SomeCollege,12077928,4822601,3771716,1050885,7255327,1226162,297211,427539,270095,157444,79246,56354,22892,920461,206810,285352,494359,2390282,742728,185177,3070332,3066042,2347194,667842,14113,36892,4290,9007597,28963953
2009:Q2,HS,11666676,4932624,3852410,1080214,6734052,1053969,199221,260907,170468,90439,65092,34002,31090,665530,235723,252186,449986,2388310,935664,227464,2766709,2761703,2111092,595247,24699,30666,5005,8899968,38086834
2009:Q2,NoHS,2251341,1250191,973089,277102,1001149,218575,33808,36335,27974,8361,18818,2806,16013,89093,29104,22736,47970,272389,173905,58416,531202,530591,394709,122637,3340,9904,612,1720138,14846244
2009:Q3,College,45544699,13408086,11263202,2144885,32136612,3727331,1485161,2525670,1838004,687667,814335,764087,50248,8368783,775702,791859,2752428,6210822,4256480,428040,7206602,7190778,5652210,1181503,39999,317066,15824,38338097,35159420
2009:Q3,SomeCollege,12180539,4746127,3699051,1047076,7434412,1232310,274323,438718,299725,138993,75497,54184,21313,1084950,209378,294665,553384,2363693,721603,185890,3066652,3062418,2336365,669470,15739,40844,4234,9113887,29056871
2009:Q3,HS,11728707,4810167,3736664,1073503,6918540,1039117,188140,263654,184243,79411,58456,28110,30345,816080,238250,269202,499825,2394560,921922,229335,2731412,2726503,2077168,588011,31144,30180,4908,8997295,37996360
2009:Q3,NoHS,2201336,1204293,938490,265803,997043,214262,27695,30048,23057,6991,20467,2169,18299,95012,29573,27533,47443,278591,168229,58190,520176,519570,387685,119726,3611,8548,606,1681160,14691350
2009:Q4,College,45915420,13377888,11214862,2163026,32537532,3878218,1426332,2422661,1814738,607923,822402,767554,54848,8631159,790052,829030,2868830,6308982,4121318,438548,7257285,7243151,5669586,1189843,43762,339959,14133,38658136,35423837
2009:Q4,SomeCollege,12087678,4685819,3630525,1055294,7401859,1277376,261481,398814,286469,112344,71186,51483,19703,1104646,211196,296352,568708,2331200,692735,188164,3064507,3060474,2329770,667731,16835,46138,4033,9023171,29155475
2009:Q4,HS,11673418,4737121,3662392,1074729,6936297,1059073,181523,243451,179048,64403,55799,26211,29589,834218,239830,279160,515399,2393694,900553,233597,2679461,2674970,2030035,580652,34631,29652,4491,8993957,37915633
2009:Q4,NoHS,2164008,1176572,909488,267084,987437,214080,22982,28428,22966,5461,22136,1556,20579,89486,29947,31768,45256,283236,161585,58533,505870,505310,377362,116791,3704,7453,560,1658138,14533525
2010:Q1,College,46893730,13417315,11250708,2166607,33476414,3856746,1271321,2631987,1942131,689856,832465,773727,58739,9137890,797034,861438,2996048,6478202,4177197,436085,7268518,7252467,5642609,1175612,74708,359539,16051,39625211,35693394
2010:Q1,SomeCollege,12132012,4635750,3580993,1054757,7496263,1281469,233057,432399,298934,133466,66925,49014,17912,1158607,211620,293925,586640,2333651,713511,184458,3026659,3022469,2303003,652753,15841,50873,4190,9105353,29260128
2010:Q1,HS,11717425,4663945,3595465,1068480,7053480,1042937,167237,258553,185071,73482,52784,23958,28826,883997,239729,285628,533056,2435831,924989,228738,2627143,2622277,1966006,554698,72459,29113,4866,9090283,37854678
2010:Q1,NoHS,2131082,1148319,887360,260959,982763,209518,17176,24840,19515,5325,23471,993,22479,86390,30173,35751,43125,294582,161180,56556,484391,483779,363843,109994,3696,6246,612,1646692,14374462
2010:Q2,College,46514811,13449401,11286687,2162714,33065410,3837214,1196214,2807371,2159958,647412,849767,788093,61674,8406132,789633,874724,2863381,6618408,4385069,437497,7299299,7282521,5658265,1174024,78677,371555,16779,39215512,35963267
2010:Q2,SomeCollege,11952762,4598550,3545587,1052963,7354212,1286280,217946,443626,325558,118068,62864,46938,15926,1038446,209380,277649,535122,2326554,773768,182576,3016489,3012263,2293154,648363,16415,54331,4226,8936274,29371194
2010:Q2,HS,11574199,4601677,3542111,1059566,6972522,1028287,159223,261113,196652,64461,48577,20493,28084,774604,236453,279039,497335,2474989,986077,226824,2569209,2564228,1910115,548777,76740,28597,4980,9004990,37823520
2010:Q2,NoHS,2081607,1115929,860261,255668,965678,205098,13017,17366,13122,4244,24385,477,23908,71478,30144,38603,39116,305660,165524,55288,467641,467010,351322,107289,3609,4790,630,1613967,14215855
2010:Q3,College,48052861,13365441,11199876,2165564,34687420,3889713,1197622,2779425,2255905,523520,873518,808647,64871,9413129,811218,923692,3097496,6786622,4474637,440347,7308963,7294315,5648334,1194964,72405,378613,14649,40743897,36228629
2010:Q3,SomeCollege,12142308,4586528,3534826,1051702,7555780,1308795,215594,413961,331331,82631,59143,45179,13964,1162036,212687,284385,581078,2333488,803202,181411,3010674,3006678,2277674,653069,18951,56984,3996,9131634,29489034
2010:Q3,HS,11790810,4573223,3518100,1055123,7217586,1029893,157753,245524,199758,45767,43606,16227,27379,888613,240245,296151,537433,2532745,1019431,226192,2514045,2509550,1864696,549760,66973,28119,4495,9276765,37832185
2010:Q3,NoHS,2061246,1085763,837787,247976,975483,202536,10164,12797,9988,2809,25401,0,25401,73104,30606,43681,37839,319015,166043,54298,454529,453955,341051,105933,3792,3179,575,1606717,14059396
2010:Q4,College,49287098,13312539,11133668,2178870,35974559,3891184,1312127,2777673,2039330,738343,888329,820922,67407,10200072,829057,944366,3266656,6853098,4567951,444047,7304959,7288550,5572629,1254040,71832,390048,16409,41982139,36485743
2010:Q4,SomeCollege,12388812,4486618,3432869,1053749,7902194,1284838,238257,442544,302051,140493,71858,57686,14172,1290966,213879,302516,637520,2404697,832076,183041,2991268,2987106,2217430,685513,23613,60550,4162,9397545,29613975
2010:Q4,HS,11927536,4486848,3432893,1053955,7440688,1024482,162297,259954,185786,74168,40105,14315,25789,963002,235558,319924,570863,2629577,1008359,226570,2532053,2527348,1838620,594092,65232,29404,4705,9395483,37887026
2010:Q4,NoHS,2054410,1070640,821712,248928,983770,194272,10759,24935,21099,3836,22896,172,22724,78948,29596,43752,39915,324422,160314,53962,450755,450162,329219,113166,4098,3679,592,1603655,13907086
2011:Q1,College,50083458,13174315,10969600,2204715,36909142,4044427,1274366,2725300,2044887,680413,878653,807140,71513,10888065,851640,942162,3388919,6854711,4613618,447280,7339714,7322885,5582867,1258562,66181,415274,16829,42743744,36735227
2011:Q1,SomeCollege,12554448,4416595,3359384,1057212,8137853,1296336,235949,430927,308428,122499,83404,68762,14643,1408050,216015,305151,683104,2445420,848950,184546,2971973,2967771,2190898,681786,28651,66437,4202,9582475,29746197
2011:Q1,HS,12003971,4418302,3358488,1059814,7585669,1051042,154851,252206,186375,65831,41109,16719,24391,1025191,232160,328568,595552,2691529,986560,226901,2498702,2494068,1827047,579385,56943,30693,4635,9505269,37979715
2011:Q1,NoHS,2025836,1049013,802490,246522,976823,189507,9562,29024,25675,3349,21376,320,21056,83809,28693,42488,41704,323805,153272,53583,437526,436950,319315,108576,4461,4598,576,1588310,13762152
2011:Q2,College,50315958,13136845,10909055,2227790,37179113,4164705,1255907,2804098,2022168,781930,918770,843857,74912,10855044,872776,943010,3390985,6849839,4673663,450316,7326606,7309279,5568429,1271767,57422,411660,17327,42989352,36978787
2011:Q2,SomeCollege,12681844,4398888,3334005,1064884,8282956,1299330,236644,461124,310295,150829,96473,81452,15020,1424151,217934,310011,696717,2484375,870155,186041,2950939,2946688,2158441,688021,32769,67457,4251,9730905,29885841
2011:Q2,HS,12043940,4416810,3351041,1065769,7627129,1071441,149289,265064,185247,79817,34542,11403,23139,994592,228537,339561,596095,2752368,968353,227288,2489688,2485105,1822539,585290,45199,32077,4583,9554252,38098250
2011:Q2,NoHS,1999822,1035594,784963,250631,964228,183992,8667,34412,30702,3710,19903,482,19422,82295,27801,41463,42803,322868,146803,53220,429121,428559,311258,107999,4732,4570,562,1570702,13628130
2011:Q3,College,48897820,13130880,10876617,2254263,35766940,4296749,1235995,3084477,2232003,852474,906463,827352,79111,9288721,887062,917944,3101840,6816997,4770259,460433,7332892,7316387,5559959,1300909,59061,396459,16505,41564928,37218128
2011:Q3,SomeCollege,12528001,4384466,3321132,1063334,8143535,1304182,236937,523031,352077,170953,107068,91527,15542,1222717,218651,297405,630093,2510982,901665,190804,2936436,2932254,2128169,699610,37917,66557,4182,9591565,30033051
2011:Q3,HS,11807940,4388819,3316312,1072507,7419122,1094379,143873,289221,199422,89799,36507,14468,22039,771542,223432,333376,537221,2798708,958277,232585,2494688,2490419,1817021,593652,46248,33498,4268,9313253,38230630
2011:Q3,NoHS,1949951,1017900,777376,240525,932051,178738,7823,35495,31597,3897,18923,608,18315,67787,26850,39030,42127,319773,141478,54028,421018,420500,303244,108005,5066,4186,518,1528933,13508555
2011:Q4,College,49792918,13046512,10780589,2265924,36746406,4433552,1257943,3074856,2218765,856091,845101,762992,82109,9855225,918014,928728,3245050,6822432,4891901,473604,7320717,7304141,5542140,1328656,61618,371727,16576,42472201,37454956
2011:Q4,SomeCollege,12776747,4346015,3280875,1065140,8430733,1309181,244234,526911,356372,170539,114340,98452,15888,1325263,222444,309255,683962,2557590,940549,197005,2921845,2917650,2097243,712601,43710,64096,4195,9854902,30187968
2011:Q4,HS,11981352,4368756,3295635,1073120,7612597,1118058,141976,289148,199182,89966,45396,24381,21015,816375,221898,351289,567177,2868233,953098,239948,2512117,2507982,1818389,606113,48536,34945,4135,9469235,38364854
2011:Q4,NoHS,1942557,1009340,768870,240470,933217,173617,7463,40664,36914,3751,17708,695,17013,71732,26180,38717,44297,320571,136916,55352,415469,414973,297167,108855,5424,3527,496,1527087,13406962
2012:Q1,College,51103954,12956680,10673561,2283118,38147274,4513703,1210813,2979462,2066391,913071,842643,760519,82124,11021954,928754,958394,3463258,6836031,4920003,472258,7330781,7312678,5534229,1332866,56332,389251,18103,43773173,37690977
2012:Q1,SomeCollege,13092477,4310698,3237809,1072889,8781779,1300965,239576,522657,335918,186738,123853,108083,15771,1516033,222606,334030,761254,2609357,954733,196715,2896814,2892472,2064822,710883,48051,68715,4342,10195663,30350736
2012:Q1,HS,12196875,4347085,3270459,1076626,7849790,1130170,134733,287812,189824,97988,45151,25181,19970,936063,215850,381753,612844,2942276,925737,237399,2478239,2473954,1800922,595682,41071,36278,4285,9718636,38488923
2012:Q1,NoHS,1938691,1001359,755078,246282,937332,167633,6465,47739,43872,3867,15820,809,15011,80760,25275,39507,46986,322563,130090,54495,403981,403473,287987,105611,5710,4165,508,1534710,13326887
2012:Q2,College,51092507,13096102,10797519,2298583,37996405,4536723,1174237,3145647,2275968,869679,853483,771926,81557,10688353,922067,936693,3398503,6817925,5050331,472443,7322375,7302707,5512869,1355947,53722,380169,19668,43770132,37927897
2012:Q2,SomeCollege,13193489,4354971,3283187,1071784,8838517,1279862,236474,552412,380582,171830,133878,118311,15567,1492218,219668,323993,758952,2646718,997173,197169,2880400,2875912,2031852,722182,52970,68907,4488,10313089,30521497
2012:Q2,HS,12165235,4366399,3288822,1077577,7798836,1130477,128413,294898,203786,91112,43063,24119,18944,866259,205966,377656,599815,2996620,919920,235749,2479986,2475554,1795080,605878,36950,37646,4433,9685249,38590833
2012:Q2,NoHS,1913330,993493,752473,241020,919838,160942,5645,49801,46278,3523,14041,928,13113,77282,24196,37529,48070,322343,126006,53983,399040,398519,282029,106460,6028,4001,521,1514290,13271864
2012:Q3,College,52322900,13262414,10948911,2313503,39060486,4575100,1212312,3194019,2214017,980002,846721,765539,81181,11302751,939755,948017,3517147,6819569,5230734,474360,7327196,7307082,5484083,1390509,51231,381259,20115,44995703,38167421
2012:Q3,SomeCollege,13556204,4402609,3330721,1071888,9153595,1261542,246412,580926,376276,204650,142514,127113,15401,1606572,221159,336447,810734,2694740,1054102,198446,2871106,2866568,2000609,737164,57987,70808,4538,10685098,30700393
2012:Q3,HS,12360591,4396675,3319295,1077379,7963917,1132675,128005,306997,200195,106803,43472,25508,17965,913982,201029,395235,624321,3059924,923237,235039,2493041,2488684,1801493,615279,32962,38950,4357,9867550,38658586
2012:Q3,NoHS,1922468,998692,760855,237836,923776,154777,5540,56128,52241,3887,12545,1031,11515,81867,23500,37451,50397,324500,123221,53849,397962,397452,279446,107501,6357,4148,510,1524506,13245429
2012:Q4,College,52904579,13398840,11063835,2335005,39505740,4771432,1293592,3112282,2245726,866556,858571,778051,80520,11402125,954700,950059,3531774,6813674,5335524,482006,7329095,7311509,5492138,1415713,49297,354361,17586,45575484,38411256
2012:Q4,SomeCollege,13767926,4439440,3363677,1075763,9328486,1275573,264066,557876,389556,168319,152231,137037,15194,1647317,222170,342636,833353,2740001,1090924,202339,2859895,2855567,1972074,752004,63420,68069,4328,10908031,30887567
2012:Q4,HS,12426026,4414837,3335740,1079097,8011189,1163231,130718,291747,202239,89507,41386,24382,17004,895524,195216,406070,626582,3115156,907731,237829,2480103,2476386,1772054,634485,29606,40241,3717,9945923,38680179
2012:Q4,NoHS,1931487,1008200,770625,237575,923287,151172,5824,60528,57260,3268,11201,1145,10056,82348,22824,36952,52276,326739,118727,54696,392081,391643,270729,110703,6725,3486,437,1539406,13251117
2013:Q1,College,54736299,13675298,11323351,2351947,41061001,4841724,1234755,2942047,2156301,785746,831061,749250,81811,12715081,972416,968861,3702867,6940296,5426133,485762,7297931,7279446,5428324,1436690,47189,367244,18485,47438368,38661106
2013:Q1,SomeCollege,14251264,4515526,3433763,1081763,9735738,1262126,256699,523910,379685,144224,158772,143459,15313,1866823,223680,360246,903784,2850855,1124336,204508,2840181,2835759,1939455,755423,68932,71949,4422,11411082,31083162
2013:Q1,HS,12750975,4472710,3395480,1077230,8278265,1167692,122748,274006,196256,77750,44749,28559,16190,1026702,189622,427198,660301,3240745,886901,237600,2494130,2490410,1808499,614503,26027,41382,3720,10256845,38643613
2013:Q1,NoHS,1977623,1032131,789981,242150,945493,145874,4920,65972,63140,2832,10453,1224,9229,93084,22236,37444,55240,341129,114047,55093,395323,394884,276620,107157,7111,3995,439,1582301,13292463
2013:Q2,College,55394727,14006647,11642168,2364479,41388081,4917716,1207333,2563811,1970723,593089,873745,790999,82746,12888004,985075,970076,3717535,7075704,5697664,491418,7323764,7303669,5424798,1459423,46680,372768,20095,48070963,38918679
2013:Q2,SomeCollege,14556956,4618980,3537637,1081343,9937977,1248898,254701,445332,350666,94666,170874,155493,15382,1920739,224282,365885,928793,2961797,1209122,207553,2838066,2833489,1914873,768019,75986,74612,4577,11718890,31287320
2013:Q2,HS,12847265,4520227,3449718,1070510,8327037,1170717,117090,236307,183152,53155,39134,23747,15388,1012186,182631,435717,660352,3332713,902074,238115,2494034,2490194,1800183,623339,24232,42440,3840,10353231,38536886
2013:Q2,NoHS,2004087,1050643,810154,240489,953443,140854,4337,70139,68138,2001,9798,1364,8434,94630,21640,37084,57545,347887,113607,55922,396526,396070,274744,109412,7617,4297,456,1607561,13373003
2013:Q3,College,56991012,14338315,11952792,2385523,42652697,5024302,1228142,2463741,1923720,540021,855450,771883,83567,13539902,1007298,991227,3863023,7226896,5953527,499190,7372388,7352931,5446848,1500108,41571,364403,19457,49618624,39185680
2013:Q3,SomeCollege,15097694,4751289,3670907,1080382,10346405,1240788,261412,430506,348071,82435,177581,162144,15437,2046121,226567,385087,994781,3081325,1290671,211564,2845741,2841206,1901021,786118,79095,74972,4535,12251953,31500183
2013:Q3,HS,13062541,4557518,3492639,1064880,8505023,1176321,114880,225517,178841,46676,41148,26544,14604,1054348,177114,455966,685752,3424223,910367,239387,2492369,2488825,1796306,631763,17368,43389,3544,10570172,38347997
2013:Q3,NoHS,2044298,1072407,836729,235678,971892,136399,4166,74763,73012,1751,9167,1451,7716,100467,21213,37895,60816,356918,112855,57232,399859,399432,275031,112308,7882,4211,427,1644439,13496271
2013:Q4,College,58739830,14609486,12217892,2391594,44130344,5102121,1242810,2358419,1816260,542159,887319,804560,82760,14403534,1013583,1021711,4068963,7439965,6083057,508861,7517816,7497662,5450868,1528590,48535,469668,20154,51222014,39463307
2013:Q4,SomeCollege,15353801,4781488,3695963,1085526,10572313,1244184,258102,409534,327475,82059,177992,162379,15613,2100041,230721,407210,1044444,3195417,1287988,216680,2866577,2861897,1889558,801298,82257,88785,4680,12487223,31721690
2013:Q4,HS,13195263,4566820,3510419,1056401,8628443,1160686,115462,215567,169305,46261,39305,25138,14167,1125445,181607,463110,726220,3437284,916701,247057,2481786,2478047,1771217,642145,22070,42615,3739,10713476,38069230
2013:Q4,NoHS,2177479,1107326,863512,243814,1070153,148243,5368,70536,68425,2111,8527,1517,7010,114801,24078,46410,78882,393228,120834,59247,417690,417192,283401,118435,8434,6922,498,1759789,13663706
2014:Q1,College,60190380,14838133,12449014,2389119,45352247,5279755,1244274,2374226,1836904,537322,934673,853007,81666,15205178,1016989,1034189,4116806,7533636,6103400,509121,7560272,7539514,5454190,1542511,50947,491865,20758,52630108,39750735
2014:Q1,SomeCollege,15505407,4828258,3736949,1091309,10677148,1267643,252228,412109,331941,80168,179133,163410,15723,2144817,234407,417088,1045733,3251246,1255186,217558,2852863,2848045,1874201,804482,80600,88762,4818,12652544,31950956
2014:Q1,HS,13160079,4556225,3514204,1042021,8603854,1159974,114826,213528,168532,44996,35294,21604,13690,1183778,185033,457417,731993,3375629,898389,247992,2427111,2423205,1730802,629141,21494,41768,3905,10732968,37710007
2014:Q1,NoHS,2296078,1137508,880888,256620,1158570,161954,6516,68060,65608,2453,7893,1602,6291,129058,27039,54317,96363,420779,126595,59997,427506,426935,290273,120681,8718,7263,571,1868572,13868361
2014:Q2,College,61900133,15158627,12758023,2400604,46741506,5355860,1199456,2425422,1815522,609901,927589,846958,80630,16064630,1025431,1052007,4226716,7634102,6318219,512074,7627595,7605920,5478000,1572668,55672,499579,21675,54272538,40046630
2014:Q2,SomeCollege,15761793,4912824,3814284,1098540,10848969,1270747,238072,423617,328197,95421,175594,159766,15828,2197878,239036,430727,1065952,3310566,1277120,219659,2859435,2854451,1866472,821649,80040,86290,4983,12902358,32186893
2014:Q2,HS,13181994,4564185,3532589,1031596,8617809,1139265,110720,216346,164367,51979,38216,25014,13202,1243988,188943,454074,747964,3311066,917189,250039,2400374,2396260,1691139,641213,23064,40844,4113,10781620,37284033
2014:Q2,NoHS,2424130,1168229,901425,266804,1255901,174763,7279,65830,62611,3219,7258,1640,5618,144271,30202,62904,114659,450337,137132,61266,443724,443070,298274,128473,9130,7193,654,1980406,14101189
2014:Q3,College,62471768,15457617,13039049,2418569,47014151,5459808,1227121,2448051,1836951,611100,963362,883949,79413,15871043,1027273,1050320,4196414,7723043,6535296,512421,7630304,7609294,5511037,1616681,57823,423752,21010,54841464,40349659
2014:Q3,SomeCollege,15807799,4987417,3876737,1110680,10820383,1279431,236610,427507,332759,94749,174943,159059,15884,2099933,242531,431026,1043705,3364450,1299655,220592,2857838,2852824,1863765,841820,77409,69830,5015,12949961,32428414
2014:Q3,HS,13016655,4573000,3550381,1022619,8443656,1121698,111552,214097,163018,51080,35559,22864,12695,1177689,191185,438021,734692,3235449,933738,249973,2370452,2366412,1656393,648516,21580,39923,4039,10646203,36805015
2014:Q3,NoHS,2555850,1211197,929537,281660,1344652,188371,8770,63865,60206,3660,6662,1722,4940,150409,33403,70763,132036,480141,148022,62210,458868,458165,308159,135927,9450,4628,703,2096982,14353147
2014:Q4,College,63739097,15665311,13239261,2426050,48073785,5557216,1251099,2419618,1837106,582512,932499,854100,78399,16482696,1037536,1065876,4267830,7822930,6722361,514125,7690125,7669630,5542592,1649020,63344,414675,20495,56048972,40658489
2014:Q4,SomeCollege,15966332,5033829,3913532,1120296,10932503,1286808,234216,420544,333161,87384,169372,153413,15960,2118292,247577,443340,1052356,3423917,1313934,222146,2865494,2860436,1860397,859655,75933,64451,5058,13100838,32674428
2014:Q4,HS,12933940,4547612,3539680,1007932,8386328,1101838,111936,206948,159939,47009,41561,29361,12200,1202908,194618,432037,739779,3162149,942215,250340,2342992,2339006,1620112,656795,23151,38947,3986,10590948,36286658
2014:Q4,NoHS,2696088,1250726,953245,297481,1445363,202199,10310,61654,57736,3918,6066,1744,4322,163958,36844,79958,150597,511964,158413,63399,477165,476407,318408,144070,9914,4016,758,2218923,14615189
2015:Q1,College,65033007,15943049,13506428,2436621,49089958,5815060,1229514,2449391,1941000,508391,932655,856340,76315,16892241,1046907,1074893,4336940,7916237,6881010,515109,7720107,7698889,5545328,1662129,70458,420974,21217,57312901,40971787
2015:Q1,SomeCollege,16132169,5095300,3965472,1129828,11036869,1325951,223939,424539,353753,70786,165660,149834,15825,2108308,252508,451278,1060343,3480412,1320546,223385,2849315,2844103,1846543,861967,73993,61601,5211,13282854,32923849
2015:Q1,HS,12823430,4518981,3525342,993640,8304449,1106584,109145,202522,163871,38651,43364,31726,11638,1203111,197557,421844,743094,3083577,943674,249977,2285272,2281138,1580506,636875,25826,37931,4134,10538158,35742669
2015:Q1,NoHS,2834240,1287672,975421,312251,1546568,218831,11407,59678,55859,3819,5346,1798,3547,175800,40377,89090,169370,543975,168218,64476,489804,488960,328560,146132,10410,3857,844,2344436,14878270
2015:Q2,College,65834594,16310725,13841109,2469617,49523868,5891064,1217954,2369306,1953666,415639,909415,835098,74317,17027348,1046790,1083111,4330609,8002028,7129069,517175,7820486,7798734,5590487,1697608,79243,431396,21753,58014107,41288218
2015:Q2,SomeCollege,16234513,5190137,4042559,1147578,11044376,1329007,215296,408808,356540,52268,160285,144600,15686,2060485,255779,458812,1045823,3533492,1351465,225124,2868110,2862762,1850875,881416,71064,59407,5349,13366403,33175587
2015:Q2,HS,12676891,4523784,3535704,988080,8153107,1081803,107019,190739,161363,29376,48165,37076,11089,1172888,198560,411154,731712,3000943,960083,250041,2268911,2264668,1553923,644234,29609,36902,4243,10407980,35186754
2015:Q2,NoHS,2970106,1326994,997183,329811,1643113,232659,12637,56947,53476,3471,4653,1832,2821,185016,43832,98426,187225,575742,180288,65687,511455,510528,341326,154483,10900,3818,928,2458651,15133346
2015:Q3,College,65359572,16672691,14177607,2495084,48686882,5949227,1277522,2654750,2242509,412241,887135,815383,71752,15808852,1039512,1067710,4122356,8069905,7286428,523485,7917530,7896093,5640672,1746426,87441,421554,21438,57442042,41606451
2015:Q3,SomeCollege,16117745,5280132,4125200,1154932,10837614,1328557,218024,464770,413805,50965,154792,139374,15418,1827073,257794,450103,971766,3578078,1357864,228793,2886820,2881407,1856670,904276,66703,53758,5413,13230926,33428554
2015:Q3,HS,12321662,4501811,3523542,978269,7819851,1054727,109500,204794,176372,28422,52755,42242,10514,1005544,198199,387501,684450,2910942,959072,252367,2249327,2245116,1527193,649844,32147,35932,4211,10072335,34632618
2015:Q3,NoHS,3081883,1363555,1028144,335411,1718328,246039,14794,54194,50414,3780,3916,1868,2048,180688,47198,106511,201605,605903,189968,67513,531795,530804,353802,162520,11353,3130,990,2550089,15371372
2015:Q4,College,66630509,16953363,14436953,2516410,49677146,6146817,1306929,2482590,2295067,187524,868930,799274,69656,16458300,1044457,1090933,4238761,8164143,7343946,531340,7972785,7951514,5705818,1727218,103610,414868,21271,58657724,41925152
2015:Q4,SomeCollege,16295615,5348792,4185490,1163302,10946823,1355512,215476,441646,424476,17170,149465,134248,15217,1853366,262051,468369,994113,3635826,1337825,233175,2873101,2867610,1866404,892808,59812,48586,5491,13422514,33681662
2015:Q4,HS,12218723,4470543,3503246,967297,7748180,1048919,109973,187027,176042,10984,57014,47025,9988,1032116,199939,385764,695214,2836007,940767,255441,2198772,2194569,1498559,618999,42019,34992,4203,10019952,34093968
2015:Q4,NoHS,3216147,1398237,1054621,343616,1817910,261584,16644,49354,47438,1916,3292,1907,1385,194258,50769,116992,220649,638098,196777,69492,541470,540414,365025,161205,11664,2520,1056,2674676,15583303
2016:Q1,College,67685926,17218288,14676986,2541301,50467638,6363932,1291532,2585273,2414450,170823,904607,836037,68569,16766094,1050205,1100982,4297076,8249211,7322350,536377,8024921,8002859,5726473,1746870,114553,414964,22061,59661005,42242987
2016:Q1,SomeCollege,16410028,5407816,4229734,1178081,11002212,1386150,205683,463455,448530,14925,146901,131706,15195,1833290,266491,477654,999346,3689355,1297591,236296,2861048,2855395,1860627,898532,51717,44518,5653,13548980,33933822
2016:Q1,HS,12068698,4443191,3484293,958898,7625507,1046207,107743,189303,179627,9676,54984,45425,9559,1024696,201846,377162,695737,2760397,910435,256995,2157215,2152872,1469428,603755,45611,34077,4344,9911482,33584509
2016:Q1,NoHS,3336461,1429346,1070383,358963,1907115,277070,17903,45501,43605,1896,2882,1993,888,204034,54315,126641,238306,668564,201025,70874,553889,552742,375554,163078,11998,2112,1147,2782572,15760095
2016:Q2,College,69063123,17623354,15058368,2564986,51439768,6384320,1241054,2658956,2541873,117083,909267,841389,67878,17286172,1064057,1119887,4368040,8339624,7524719,543671,8129258,8106692,5773628,1781141,123175,428749,22566,60933865,42558624
2016:Q2,SomeCollege,16626663,5514031,4317736,1196294,11112633,1378273,190515,483417,474301,9116,142344,127104,15240,1842259,272438,493276,1008316,3744677,1316667,240452,2875247,2869456,1866469,916954,43279,42754,5791,13751417,34183946
2016:Q2,HS,12025811,4480275,3528773,951502,7545536,1016996,103553,189806,183557,6249,57024,47839,9184,1038255,205223,373789,698772,2683758,918436,259924,2143148,2138708,1450691,608987,45856,33175,4440,9882663,33117948
2016:Q2,NoHS,3470027,1470086,1091144,378942,1999941,288255,18614,40581,39173,1408,2512,2048,464,215412,57921,136658,255546,701395,210607,72441,572578,571349,387071,169711,12431,2137,1229,2897449,15892701
2016:Q3,College,70426714,17974931,15383950,2590981,52451784,6576345,1217873,2526676,2490209,36467,883186,816566,66619,17852571,1071851,1140930,4495315,8432050,7706116,548872,8264870,8243213,5836270,1830046,133365,443533,21657,62161845,42870729
2016:Q3,SomeCollege,16870703,5630682,4430832,1199850,11240021,1403860,179553,466310,463968,2342,136015,120856,15159,1857484,277324,510559,1033728,3801224,1330289,243674,2897037,2891232,1876940,939842,33308,41142,5806,13973666,34430946
2016:Q3,HS,12015679,4509913,3565092,944821,7505766,1013478,101266,179558,177764,1795,63068,54272,8796,1056750,207815,372101,711742,2614044,923891,262054,2132249,2127919,1433243,615674,46665,32337,4330,9883429,32707991
2016:Q3,NoHS,3591510,1498300,1122761,375539,2093210,301668,19649,37694,37220,474,2073,2073,0,226544,61266,146478,273065,732416,218919,73437,589234,587966,396896,176027,12854,2189,1267,3002277,15972078
2016:Q4,College,70957100,18307897,15699142,2608755,52649203,6653986,1200671,2391365,2391365,0,847435,781350,66085,18002353,1072860,1140052,4546875,8524524,7708655,560426,8308536,8287955,5866123,1866398,129694,425740,20581,62648563,43178475
2016:Q4,SomeCollege,17084412,5729192,4519075,1210117,11355220,1452202,177179,442492,442492,0,138888,123297,15591,1889608,277870,503281,1038018,3848599,1335021,252062,2931518,2925769,1887443,963982,36365,37980,5749,14152894,34673655
2016:Q4,HS,12000360,4495703,3549112,946590,7504658,1027482,98062,173210,173210,0,71850,63186,8663,1081281,206939,365334,714702,2580010,926088,259701,2145244,2141084,1441348,624597,43817,31323,4160,9855116,32365047
2016:Q4,NoHS,3556316,1506813,1135547,371265,2049503,300772,18450,39168,39168,0,2038,1873,166,227529,59824,138177,262845,709638,216371,74692,595068,593861,397016,181461,13422,1961,1207,2961248,15991677
2017:Q1,College,72726081,18615658,15982261,2633397,54110423,6807742,1168531,2374513,2374513,0,856992,792059,64933,18974782,1087909,1171737,4761955,8633531,7707897,564833,8358252,8336587,5896093,1874741,124020,441733,21666,64367829,43483058
2017:Q1,SomeCollege,17531723,5839267,4612529,1226738,11692456,1515944,172575,437425,437425,0,143699,127759,15940,2033317,280924,518657,1089888,3903845,1338947,257235,2951570,2945684,1896759,968229,40040,40657,5886,14580152,34910605
2017:Q1,HS,12184786,4533824,3580890,952935,7650962,1053183,94246,173537,173537,0,74919,66406,8513,1183387,208692,375574,745112,2558366,929693,254253,2131186,2126870,1448731,608525,39361,30252,4316,10053601,32086342
2017:Q1,NoHS,3527988,1515273,1143140,372132,2012715,300171,16982,39867,39867,0,1985,1708,278,236052,58436,131358,254489,685848,213003,74525,591835,590631,394946,178929,13926,2830,1204,2936153,15954933
2017:Q2,College,74185195,18966414,16319952,2646462,55218782,6711336,1155910,2448717,2448717,0,835402,770474,64928,19508370,1095900,1193618,4913717,8736985,8047284,571545,8446952,8424955,5937866,1900770,129573,456745,21997,65738243,43786178
2017:Q2,SomeCollege,17977229,5974722,4738378,1236344,12002507,1530680,170840,450309,450309,0,147257,130668,16590,2119030,282640,527075,1122941,3955820,1432461,263454,2985730,2979777,1910871,986638,39094,43173,5953,14991499,35140246
2017:Q2,HS,12371744,4589135,3632598,956537,7782609,1047532,91820,179504,179504,0,81787,73325,8461,1247434,209657,381378,766179,2538995,987862,250462,2153805,2149438,1461399,613754,45045,29239,4367,10217939,31865804
2017:Q2,NoHS,3481305,1514932,1148206,366726,1966373,294121,15762,39400,39400,0,2066,1518,548,239216,56740,123581,243733,659472,217787,74495,592936,591760,392423,181547,14138,3651,1176,2888370,15867779
2017:Q3,College,75455138,19300881,16645578,2655303,56154257,6714952,1205180,2366464,2366464,0,812030,749315,62715,20099784,1109435,1216684,5097608,8839680,8103919,588521,8534451,8512414,5986189,1939776,124841,461608,22037,66920687,44089537
2017:Q3,SomeCollege,18357630,6099589,4856783,1242806,12258041,1565076,178256,432093,432093,0,150296,133484,16812,2213339,285274,536162,1165067,4006511,1451658,274311,3028082,3022088,1927877,1007981,42302,43928,5994,15329549,35361031
2017:Q3,HS,12553212,4647615,3687570,960045,7905597,1056659,93084,176507,176507,0,88307,80017,8290,1319006,211788,388206,793136,2523349,1003485,252069,2171655,2167272,1479103,618337,41515,28317,4383,10381557,31697363
2017:Q3,NoHS,3427853,1513943,1155944,357999,1913910,289101,15333,40590,40590,0,1889,1331,558,242127,54996,115613,232463,631395,214546,75857,592476,591339,389632,183090,14487,4130,1137,2835378,15736147
2017:Q4,College,77388632,19603315,16914608,2688706,57785318,6789749,1268270,2387686,2387686,0,751335,690028,61306,21140270,1123338,1243105,5306018,8943757,8235842,595947,8644837,8622864,6027976,1979609,124992,490286,21973,68743795,44394836
2017:Q4,SomeCollege,18843963,6209619,4953134,1256485,12634343,1613540,187668,434154,434154,0,151416,134142,17274,2370188,287866,547385,1213974,4056600,1490779,280774,3073066,3067043,1941607,1033088,43534,48814,6023,15770897,35571413
2017:Q4,HS,12809213,4695883,3722909,972974,8113330,1076395,95090,179911,179911,0,98642,90448,8194,1434164,214233,397030,824615,2511697,1032219,249334,2202937,2198547,1497163,631675,42377,27332,4390,10606276,31574946
2017:Q4,NoHS,3367610,1505355,1155884,349470,1862255,284628,14994,40533,40533,0,1808,1123,685,248498,53139,107672,220624,602214,212650,75496,593132,592039,385599,186413,14699,5328,1093,2774478,15565969
2018:Q1,College,78124899,20051255,17329112,2722143,58073645,6984481,1245297,2438528,2438528,0,730484,670970,59513,21056653,1132473,1245551,5294485,9038159,8303509,604026,8695018,8671103,6054506,1985058,126979,504560,23916,69429881,44703778
2018:Q1,SomeCollege,19121719,6355297,5081591,1273707,12766421,1685818,184237,441778,441778,0,154437,136717,17720,2371740,289475,541627,1197102,4100323,1512434,287449,3082786,3076566,1946541,1034762,44081,51182,6220,16038933,35769845
2018:Q1,HS,12963676,4788613,3801261,987352,8175064,1112659,92499,185413,185413,0,104557,96459,8098,1447794,216173,394799,822737,2498938,1052298,247197,2203260,2198579,1508858,618410,44870,26441,4681,10760417,31492482
2018:Q1,NoHS,3293554,1503122,1157443,345679,1790433,281481,13523,40076,40076,0,1728,950,777,243551,51117,98331,205559,571344,208669,75052,582420,581324,378784,181647,14854,6039,1096,2711134,15363177
2018:Q2,College,79093144,20335523,17582986,2752537,58757621,6900809,1276740,2547792,2547792,0,717249,659807,57442,21353686,1146866,1258484,5394891,9138768,8412984,609352,8770867,8747077,6105852,2005305,137056,498865,23790,70322277,45018062
2018:Q2,SomeCollege,19436148,6471598,5183720,1287879,12964549,1701966,188792,460535,460535,0,157787,139605,18182,2425449,291873,542896,1212553,4145057,1544878,292762,3107002,3100763,1960860,1048573,41266,50064,6239,16329146,35954778
2018:Q2,HS,13133622,4852816,3851429,1001387,8280806,1114165,92889,194822,194822,0,109629,101618,8011,1498445,219100,397926,838951,2490923,1079973,243984,2235644,2230956,1527498,622935,54867,25656,4688,10897978,31443901
2018:Q2,NoHS,3201542,1483158,1144061,339097,1718384,273355,12696,38805,38805,0,1637,789,849,241679,49117,89618,191610,540521,205305,74040,576041,574994,372641,181361,14866,6125,1047,2625502,15133703
2018:Q3,College,80714021,20633544,17858794,2774749,60080477,6769236,1276041,2717503,2717503,0,709229,653945,55285,22228909,1163064,1272430,5590606,9247892,8487177,618391,8873539,8849072,6164554,2048504,134401,501612,24467,71840482,45339391
2018:Q3,SomeCollege,19841016,6581035,5282641,1298394,13259981,1707675,188483,490818,490818,0,161405,142681,18724,2559047,294415,544529,1255281,4191529,1567183,299616,3148992,3142671,1977607,1070924,43759,50382,6320,16692024,36124665
2018:Q3,HS,13390077,4933252,3919829,1013423,8456825,1110453,91645,208231,208231,0,114187,106242,7945,1604104,222438,401785,870244,2487898,1103159,242682,2265996,2261188,1550137,633097,53098,24856,4808,11124081,31423131
2018:Q3,NoHS,3119885,1470810,1139660,331150,1649074,264256,11483,36349,36349,0,1566,637,928,244421,47103,81067,178385,510216,200785,73445,571250,570234,366722,182040,15026,6445,1016,2548635,14883479
2018:Q4,College,77492526,20386536,17574205,2812332,57105990,6871441,1412427,2892029,2892029,0,673762,620674,53089,19330698,1151563,1230774,5116620,9320661,8475727,630287,8943763,8920295,6205999,2084118,149085,481094,23468,68548763,45669465
2018:Q4,SomeCollege,19352596,6542855,5233336,1309519,12809741,1759735,208289,521684,521684,0,163304,143922,19383,2167028,291869,507242,1099961,4217591,1565452,307586,3169561,3163299,1986030,1092328,38329,46612,6261,16183035,36277959
2018:Q4,HS,13050969,4878401,3848021,1030380,8172568,1137247,97238,222162,222162,0,121060,113154,7906,1364840,221745,380045,800140,2471396,1113906,242789,2314039,2309337,1569919,647168,68064,24186,4703,10736930,31424101
2018:Q4,NoHS,2952018,1414658,1095283,319374,1537360,258566,11710,33270,33270,0,1510,480,1030,214274,44695,69840,159209,477030,194125,73132,564980,564034,359671,183428,14848,6087,946,2387038,14618438
2019:Q1,College,81525539,20392685,17547931,2844754,61132854,7016032,1513911,3051381,3051381,0,663248,612010,51238,22161965,1176870,1282410,5575800,9466317,8591188,633733,8950361,8925717,6225811,2089321,133660,476926,24644,72575178,46009986
2019:Q1,SomeCollege,20103961,6544564,5212862,1331702,13559397,1819429,222716,549075,549075,0,166818,146517,20302,2569619,295613,534195,1217521,4275754,1597128,311528,3174596,3168221,1984194,1091681,46692,45654,6375,16929365,36413112
2019:Q1,HS,13559092,4907257,3859563,1047694,8651835,1169729,100803,235395,235395,0,125754,117840,7914,1651962,226602,401655,872061,2484111,1144734,239029,2303353,2298460,1585489,635737,53789,23446,4893,11255739,31440740
2019:Q1,NoHS,2879475,1383391,1059609,323782,1496084,253275,11475,30025,30025,0,1571,343,1228,233052,42806,63624,148475,450035,190199,71546,551461,550536,351444,177731,15168,6193,925,2328014,14344511
2019:Q2,College,83496983,21061949,18196165,2865785,62435034,6885209,1481220,3254119,3254119,0,667643,618495,49149,22818229,1189118,1313476,5757265,9577940,8850724,640090,9044220,9020139,6275109,2120719,137223,487088,24081,74452764,46362656
2019:Q2,SomeCollege,20611321,6752393,5410451,1341942,13858927,1822348,217219,584543,584543,0,171341,149965,21376,2668886,296816,546322,1252450,4315530,1666920,316552,3203936,3197592,1995376,1108493,46560,47163,6344,17407385,36528577
2019:Q2,HS,13967953,5084524,4023930,1060594,8883429,1167443,97998,251377,251377,0,129222,121280,7943,1740815,229522,413606,901713,2517089,1198039,236605,2345035,2340185,1614304,645482,57776,22623,4850,11622918,31466976
2019:Q2,NoHS,2818786,1389789,1071513,318276,1428997,244095,9878,25277,25277,0,1665,220,1445,232815,40769,56565,135287,423115,189207,70323,546314,545446,346175,177414,15179,6678,868,2272472,14067630
2019:Q3,College,83882018,21104527,18202732,2901795,62777491,6848506,1680071,3286863,3286863,0,683253,636451,46802,22652950,1202261,1334737,5819631,9687021,8937298,644899,9146208,9121416,6333742,2165487,130252,491935,24792,74735810,46729175
2019:Q3,SomeCollege,20770167,6808904,5463728,1345176,13961263,1842980,245352,585453,585453,0,176705,154040,22665,2651772,297918,551079,1251013,4350076,1688295,320620,3239069,3232659,2006989,1127482,50491,47698,6410,17531098,36622805
2019:Q3,HS,14095217,5095885,4019369,1076517,8999332,1177035,105589,257477,257477,0,131809,123810,7999,1754499,232534,420873,913270,2548131,1224701,233415,2374005,2369028,1640925,654430,51847,21825,4977,11721212,31496738
2019:Q3,NoHS,2703457,1344485,1043250,301235,1358972,236408,10475,24729,24729,0,1804,107,1696,225948,38791,49280,121550,396654,184452,68881,540116,539278,340321,176749,15211,6997,838,2163341,13793728
2019:Q4,College,86405459,21126721,18175344,2951377,65278738,7170582,1777945,3207813,3207813,0,686338,638430,47909,24289594,1225849,1363865,6132326,9835600,8926921,661905,9278869,9253926,6409576,2207117,136385,500848,24944,77126589,47111144
2019:Q4,SomeCollege,21162184,6775409,5427879,1347530,14386775,1902243,255175,547785,547785,0,163113,142906,20207,2874215,294004,563401,1349976,4398006,1714192,324665,3265534,3259240,2028568,1134882,50307,45482,6294,17896650,36694265
2019:Q4,HS,14212269,5036296,3955239,1081057,9175974,1215884,113698,256213,256213,0,130241,121177,9064,1865619,229828,416438,925299,2546367,1235712,240675,2377835,2372961,1623862,674125,52467,22506,4874,11834434,31524615
2019:Q4,NoHS,2634554,1304761,1013382,291380,1329793,234538,11037,26202,26202,0,1521,112,1408,224561,36567,46706,114691,382752,181977,69241,527439,526654,329314,176066,15039,6235,784,2107116,13528237
2020:Q1,College,81849008,21835505,18840283,2995222,60013503,7512157,2147620,3158419,3148704,9716,830395,781367,49028,18870986,1239822,1308316,5378679,9890142,9011098,665869,9370865,9343600,6473153,2191712,160202,518532,27265,72478143,47509758
2020:Q1,SomeCollege,20445520,6948503,5600538,1347965,13497018,1962508,303380,517211,515950,1261,158929,140898,18031,2126538,288109,517644,1139522,4396658,1763957,322562,3240774,3234443,2041916,1104604,43198,44724,6331,17204746,36741486
2020:Q1,HS,13628211,5132391,4048927,1083464,8495820,1255930,133368,256016,255368,648,118156,108158,9998,1342047,225593,373685,782082,2506441,1260592,241910,2349243,2344194,1600527,651545,69001,23121,5049,11278968,31547831
2020:Q1,NoHS,2538914,1303352,1020466,282886,1235563,232777,14051,26920,26859,61,1345,162,1184,171602,34312,40431,102337,362429,181417,67940,504030,503258,317496,165257,14786,5719,771,2034885,13274593
2020:Q2,College,87810485,22254879,19242386,3012493,65555606,8219538,2321965,2867373,2757998,109375,836359,786607,49752,22813134,1283323,1395335,6084667,10014953,9037720,681240,9428256,9401507,6554631,2180561,156160,510155,26749,78382229,47926113
2020:Q2,SomeCollege,21448858,7046272,5708101,1338172,14402585,2090705,322687,444679,429221,15458,146978,130981,15997,2653311,286791,567560,1345156,4423613,1795987,325119,3234078,3227925,2059792,1081482,47310,39341,6153,18214780,36763012
2020:Q2,HS,14156261,5174392,4097238,1077154,8981869,1338934,144435,238572,230919,7653,116822,106033,10789,1656176,225365,394487,851646,2491507,1275878,248047,2310480,2305627,1579437,642227,60064,23900,4853,11845781,31564270
2020:Q2,NoHS,2527535,1287726,1014930,272797,1239809,234996,15190,32655,32022,633,1113,165,948,188452,32440,40621,98855,347653,179777,68057,484913,484205,306709,158196,14730,4570,709,2042621,13035734
2020:Q3,College,91617859,23197813,20065116,3132697,68420047,8455698,2193136,2740708,2740708,0,809211,758460,50752,24913526,1325963,1455648,6421276,10125650,9274060,705171,9650973,9624291,6691094,2219512,150169,563517,26683,81966886,48361301
2020:Q3,SomeCollege,22145621,7279894,5916983,1362912,14865727,2123291,298909,409942,409942,0,133905,119669,14236,2922600,284862,598148,1441983,4438649,1882492,330946,3278221,3272219,2095928,1080435,51191,44665,6001,18867401,36757388
2020:Q3,HS,14525676,5325804,4224210,1101594,9199872,1362898,142510,231112,231112,0,117695,106190,11505,1802832,224751,402662,866742,2468835,1322136,257698,2297830,2293117,1566561,651823,50500,24232,4713,12227846,31571817
2020:Q3,NoHS,2518824,1302262,1029833,272429,1216561,231892,13590,31131,31131,0,952,158,794,191478,30619,39632,93527,332388,182184,69170,474094,473438,298035,155850,14579,4973,657,2044729,12814595
2020:Q4,College,98217415,24066015,20820700,3245315,74151399,9019076,2117861,2777848,2777848,0,853621,802162,51459,28968192,1382365,1510588,7008683,10306445,9490452,716267,9894600,9868543,6830356,2248973,155526,633688,26057,88322814,48816418
2020:Q4,SomeCollege,23233133,7479590,6096580,1383010,15753543,2214516,282795,399865,399865,0,125373,112782,12591,3444909,284668,623785,1605849,4480311,1960728,330744,3312550,3306743,2125227,1077690,51199,52627,5807,19920583,36723156
2020:Q4,HS,15129050,5453719,4331156,1122562,9675331,1424063,142417,234846,234846,0,113459,101353,12106,2115978,225735,407767,915625,2469966,1364066,261409,2287077,2282576,1540460,667124,50498,24493,4502,12841973,31568356
2020:Q4,NoHS,2525092,1310097,1038711,271386,1214994,232248,12551,29765,29765,0,806,173,634,207233,28984,38441,89629,322321,184228,68787,463199,462602,287152,155239,14464,5747,598,2061893,12614114
2021:Q1,College,102731452,25288850,21946735,3342116,77442602,9701666,2194217,2247495,2247495,0,874252,820446,53806,31401075,1403405,1521416,7237380,10450336,9686296,725064,10083008,10054902,6952575,2260628,155182,686516,28106,92648444,49292558
2021:Q1,SomeCollege,23965142,7775442,6374850,1400592,16189700,2322591,287329,306260,306260,0,116256,104854,11402,3737785,278378,619195,1663887,4498701,2030187,329131,3322478,3316693,2146866,1059764,52669,57394,5786,20642664,36658863
2021:Q1,HS,15535422,5655270,4517089,1138180,9880153,1496406,148738,195342,195342,0,111165,98335,12830,2280991,221638,393037,913392,2454176,1401422,263848,2253010,2248395,1515430,661836,46275,24855,4615,13282412,31551771
2021:Q1,NoHS,2543769,1341499,1067168,274330,1202270,233679,12822,31607,31607,0,862,179,683,211789,27108,35510,84450,310243,185988,68213,448781,448197,277535,150262,14317,6083,583,2094988,12437226
2021:Q2,College,108848144,27482862,23922735,3560127,81365282,9811114,2185999,2196188,2129966,66222,908424,852764,55659,34055691,1445016,1569108,7631815,10614894,10213832,733203,10566919,10539214,7295096,2377388,155348,711382,27706,98281225,49790816
2021:Q2,SomeCollege,25089475,8340757,6883766,1456991,16748718,2320135,280080,284621,277994,6627,108177,97962,10215,4047915,274920,637457,1763952,4519892,2184751,326816,3462990,3457393,2249195,1097099,53745,57355,5597,21626485,36563052
2021:Q2,HS,16231401,6081115,4892665,1188450,10150286,1500274,151036,190189,186064,4125,107957,94509,13449,2459208,220049,393712,932658,2442848,1486635,265720,2321600,2317174,1532233,716899,42728,25315,4426,13909801,31519946
2021:Q2,NoHS,2618262,1425094,1137701,287393,1193168,230051,12412,30837,30536,301,867,189,679,217674,25486,34155,80279,300000,193745,67662,455508,454976,276170,158843,14181,5783,532,2162754,12286870
2021:Q3,College,111751929,28862038,25132083,3729954,82889891,9984156,2136799,2289273,2155307,133966,964596,907006,57590,34552929,1473674,1597904,7630407,10749652,10760077,750427,10839289,10811305,7476542,2436613,164119,734031,27984,100912640,50312285
2021:Q3,SomeCollege,25541977,8648829,7157400,1491429,16893148,2326050,267320,284300,270334,13967,101444,92317,9126,4064661,269051,642166,1750316,4520927,2339108,327805,3506751,3501306,2292188,1099401,52869,56847,5446,22035226,36434267
2021:Q3,HS,16473422,6304503,5082507,1221997,10168919,1509862,151150,196215,187732,8483,103452,89421,14030,2447722,216479,385628,898179,2417140,1571964,271128,2339071,2334757,1533429,730458,45117,25753,4314,14134351,31470766
2021:Q3,NoHS,2635681,1465602,1171803,293800,1170079,227487,11720,30109,29533,577,891,205,686,210483,23836,32124,74984,288389,201854,68202,452333,451839,273575,158622,14194,5449,494,2183348,12165980
2021:Q4,College,115427435,29591041,25678210,3912831,85836393,10427574,2217490,2009358,2008710,647,994699,935288,59411,36305649,1502542,1617486,7986408,10938420,11073451,763316,11132410,11103958,7674387,2496076,191032,742463,28453,104295024,50858061
2021:Q4,SomeCollege,25998427,8757527,7231683,1525843,17240900,2376134,271283,240925,240875,50,93801,85702,8098,4234694,262845,639821,1830457,4538579,2425880,326482,3545724,3540423,2335661,1103733,47076,53954,5300,22452704,36271053
2021:Q4,HS,16680504,6363714,5106658,1257056,10316790,1547686,156919,175411,175374,37,100621,86068,14552,2538498,212686,373092,910066,2407451,1620055,274304,2375614,2371392,1532965,752219,59991,26218,4221,14304890,31402115
2021:Q4,NoHS,2630790,1471631,1171405,300225,1159159,227714,12067,28406,28403,3,899,213,687,211425,22265,29824,71347,280668,206155,68388,451784,451325,271478,160693,14333,4822,459,2179006,12077495
2022:Q1,College,116332343,31756357,27646994,4109362,84575986,10716014,2197597,2113958,2113958,0,1112425,1053828,58597,34706375,1510155,1584558,7651089,10834821,11373932,775062,11368565,11338315,7852635,2537964,198298,749418,30250,104963778,51429237
2022:Q1,SomeCollege,26027223,9236138,7672325,1563813,16791085,2393980,261999,243742,243742,0,89633,82802,6831,3971857,253195,604010,1721604,4423236,2503643,324186,3570498,3565273,2373857,1094112,46525,50779,5225,22456725,36071953
2022:Q1,HS,16653666,6700410,5406451,1293959,9953256,1565762,157760,182874,182874,0,91670,77025,14645,2348242,205970,338388,832952,2289491,1663543,276604,2387714,2383441,1544364,751640,60782,26655,4274,14265951,31311876
2022:Q1,NoHS,2657994,1550528,1239827,310701,1107467,227148,11673,27791,27791,0,703,246,457,193322,20616,25643,65694,255664,210613,68598,450643,450198,273132,158505,14379,4183,445,2207351,12024351
2022:Q2,College,112149010,33544376,29313726,4230651,78604633,10670508,2249904,2335915,2335915,0,1080848,1023502,57347,29032966,1503888,1538491,6855056,10702530,11841759,792768,11647227,11617335,8077888,2614814,211823,712810,29892,100501783,52026909
2022:Q2,SomeCollege,25271411,9575134,8007390,1567744,15696277,2350562,261522,259436,259436,0,80032,74381,5651,3212680,241362,560237,1495196,4293149,2618397,323705,3607343,3602323,2415374,1102263,44036,40650,5020,21664068,35835513
2022:Q2,HS,16141019,6951852,5645801,1306051,9189167,1545544,161623,199115,199115,0,92252,77661,14591,1837385,197383,298477,702015,2146434,1728037,280901,2416392,2412315,1540179,779038,65807,27291,4077,13724626,31197935
2022:Q2,NoHS,2636210,1602094,1292542,309552,1034116,224551,11853,27152,27152,0,466,238,227,153275,18948,21098,58762,230117,218310,69585,452753,452351,272274,163011,14456,2610,402,2183457,12009485
2022:Q3,College,110465199,33118315,28754103,4364212,77346884,10559401,2326745,2801146,2801146,0,1027667,971263,56404,27707602,1519950,1516742,6610135,10646005,11818725,812766,11935147,11904917,8286492,2685908,218816,713701,30230,98530051,52652170
2022:Q3,SomeCollege,24405438,9183599,7608651,1574948,15221839,2293723,263525,301029,301029,0,70269,65639,4630,2999392,232531,531274,1414268,4191238,2601102,323487,3627188,3622338,2439414,1102782,43599,36542,4850,20778251,35560277
2022:Q3,HS,15483242,6653055,5333436,1319619,8830188,1516973,166282,232970,232970,0,93598,79085,14512,1684593,191406,268676,642288,2028448,1719361,285592,2412372,2408417,1515827,798886,66002,27702,3954,13070871,31058176
2022:Q3,NoHS,2525559,1537980,1225267,312713,987579,222189,12240,25079,25079,0,278,225,52,139388,17504,17543,54152,209726,218498,70982,451996,451626,268457,166711,14593,1866,370,2073563,12035833
2022:Q4,College,111792043,32453328,28034643,4418685,79338715,10321954,2461504,3531949,3531949,0,979730,924948,54782,29125202,1543283,1531201,6920273,10549375,11540364,833879,12072508,12044304,8415134,2744921,231546,652703,28204,99719535,53029276
2022:Q4,SomeCollege,24384525,9052782,7468892,1583890,15331743,2241579,277849,383562,383562,0,68116,63665,4451,3146638,234294,534313,1481112,4122718,2512124,329439,3654150,3649426,2461222,1122123,39783,26298,4724,20730375,35576828
2022:Q4,HS,15387169,6553471,5234653,1318818,8833698,1474935,170453,282460,282460,0,94974,80895,14080,1770062,191823,269242,669779,1960654,1659214,290103,2431350,2427660,1507873,818371,73517,27899,3690,12955819,30888314
2022:Q4,NoHS,2514584,1535586,1217663,317923,978998,220888,13212,18058,18058,0,213,213,0,147168,17688,17866,55399,201488,213987,73031,458276,457933,269864,173024,14605,441,342,2056309,12118567
2023:Q1,College,114967905,32807185,28308505,4498679,82160720,10076489,2755289,4043639,4043639,0,955853,900769,55083,30908570,1579104,1586661,7278438,10678492,11448538,849648,12151506,12122375,8509654,2752934,212420,647367,29131,102816399,53605688
2023:Q1,SomeCollege,24683288,9069129,7474273,1594856,15614159,2184186,310261,440342,440342,0,66788,62353,4435,3327128,237195,559418,1555247,4136669,2464405,332520,3648913,3644164,2458519,1114572,46191,24882,4749,21034376,35639979
2023:Q1,HS,15571581,6565834,5236160,1329674,9005747,1438762,181826,314504,314504,0,95899,81866,14032,1887890,194407,286333,704667,1975901,1632174,293384,2392267,2388507,1485382,815991,59304,27831,3760,13179314,30948514
2023:Q1,NoHS,2460703,1502745,1190607,312138,957958,212631,14892,9523,9523,0,199,199,0,151930,17387,19004,54989,199559,205731,72113,441892,441549,258500,168488,14311,250,343,2018810,11852890
2023:Q2,College,119424746,34599472,30036220,4563252,84825274,9958276,2925580,4082419,4082419,0,958216,903664,54553,32685483,1602097,1628555,7621126,10784800,11717672,861050,12274650,12245471,8601793,2780403,205216,658059,29179,107150096,53830411
2023:Q2,SomeCollege,25430342,9458773,7850399,1608374,15971569,2154789,328877,442599,442599,0,66553,62188,4365,3518280,239139,579742,1631566,4157632,2517274,335118,3674102,3669368,2471745,1123132,48133,26358,4734,21756240,35604521
2023:Q2,HS,16102067,6889926,5550529,1339396,9212141,1418521,187806,315160,315160,0,95308,81442,13865,2010276,195916,299836,739694,1994644,1659120,295859,2396986,2393243,1480444,831060,54125,27615,3743,13705081,30884925
2023:Q2,NoHS,2570556,1593763,1276940,316823,976792,211199,16075,8905,8905,0,199,199,0,160859,17483,20297,55961,203669,209239,72905,444921,444579,257759,172078,14275,468,342,2125634,11855758
2023:Q3,College,118696907,34992726,30415519,4577208,83704180,9838011,3098441,4162943,4162943,0,891268,836600,54668,31561341,1593560,1747161,7456692,10699976,11783725,871063,12406542,12376740,8704923,2788103,202506,681209,29802,106290364,53992872
2023:Q3,SomeCollege,25316888,9518826,7913195,1605632,15798061,2127246,348133,450444,450444,0,63840,59482,4358,3372948,237075,645514,1584481,4107259,2523533,337589,3703154,3698404,2493702,1126015,48755,29932,4750,21613734,35574365
2023:Q3,HS,16019530,6929130,5592778,1336352,9090400,1399197,193750,318741,318741,0,97664,83846,13817,1914891,193923,343669,716836,1953865,1659718,298147,2406026,2402236,1481729,841159,52055,27293,3790,13613504,30819978
2023:Q3,NoHS,2547537,1591261,1279077,312184,956276,207440,17117,7235,7235,0,179,179,0,152656,17189,24087,54678,195484,207377,72834,443390,443044,255330,172666,14082,966,345,2104147,11726106
2023:Q4,College,122467579,34740325,30150354,4589971,87727254,9893113,3263235,4454944,4454944,0,917266,862934,54332,34502014,1609086,1643747,8071777,10968913,11512251,890908,12508262,12477863,8778460,2816217,203082,680104,30399,109959317,54038408
2023:Q4,SomeCollege,25825351,9464199,7849804,1614396,16361151,2138157,367975,485701,485701,0,64864,60534,4331,3720093,239355,585892,1737853,4218051,2457969,345240,3740153,3735366,2516662,1140236,48744,29724,4787,22085198,35628232
2023:Q4,HS,16229838,6851462,5519203,1332259,9378377,1396745,199016,335180,335180,0,96100,82416,13684,2124573,194563,301630,783233,2030533,1612862,303942,2412776,2408946,1476148,853615,52024,27159,3830,13817062,30659815
2023:Q4,NoHS,2585563,1597134,1277189,319945,988429,210095,18518,1040,1040,0,188,188,0,169965,17470,20671,57190,212573,205226,75493,451828,451471,258130,178158,14241,942,356,2133735,11855093
2024:Q1,College,126815426,35496623,30862275,4634348,91318803,10080394,3322098,4371133,4371133,0,913742,859904,53838,37422077,1643788,1683395,8530833,11045523,11403115,902706,12572869,12541128,8814306,2804376,207280,715166,31740,114242558,54212764
2024:Q1,SomeCollege,26570662,9663898,8031450,1632448,16906764,2173835,375528,476221,476221,0,64897,60604,4293,4069271,244505,608754,1854494,4255136,2433878,350244,3749371,3744498,2527389,1133978,48108,35023,4873,22821291,35800413
2024:Q1,HS,16743153,7023540,5676000,1347540,9719613,1420170,201933,330869,330869,0,96714,83074,13641,2349663,199049,316612,837838,2056077,1601652,309037,2404341,2400361,1474818,843959,54501,27082,3981,14338811,30825691
2024:Q1,NoHS,2627417,1622976,1301752,321224,1004440,209895,18757,3231,3231,0,185,185,0,183819,17543,21745,58080,213724,201596,75864,444637,444267,254413,174050,14165,1639,370,2182780,11777755
2024:Q2,College,129220922,36757651,32091119,4666533,92463271,9857961,3396016,4527242,4527242,0,902556,849234,53322,38125941,1659439,1710901,8677302,11124319,11565750,915843,12697754,12665926,8910833,2819663,201286,734144,31828,116523168,54541170
2024:Q2,SomeCollege,26875215,9894093,8262921,1631172,16981123,2123519,381445,491234,491234,0,64058,59843,4215,4120524,244873,618384,1876107,4254210,2454180,352588,3762636,3757784,2536538,1134166,49596,37484,4853,23112579,35750264
2024:Q2,HS,17022643,7237739,5888295,1349444,9784904,1391336,203887,338929,338929,0,96893,83399,13494,2388969,199825,323942,849766,2063803,1615323,312231,2408484,2404513,1475592,851786,50230,26905,3971,14614159,30846895
2024:Q2,NoHS,2681026,1676948,1356027,320921,1004078,207028,19137,0,0,0,181,181,0,186039,17527,22355,58161,214579,202609,76464,445242,444874,253573,175239,14075,1987,368,2235784,11755160
2024:Q3,College,132958708,36705438,31994445,4710993,96253270,9885228,3567512,4754025,4754025,0,970519,918064,52454,40717905,1685470,1747341,9092919,11241359,11658181,932810,12839258,12808740,9011330,2862062,195508,739840,30518,120119450,54929120
2024:Q3,SomeCollege,27115364,9776426,8149439,1626987,17338938,2105592,397151,512605,512605,0,65798,61706,4091,4373091,245600,630310,1955979,4250897,2447067,354849,3766550,3761808,2538045,1135328,50678,37758,4742,23348814,35592696
2024:Q3,HS,17301954,7210843,5852327,1358515,10091111,1392181,209996,351917,351917,0,93899,80577,13321,2578399,202366,335506,895307,2089756,1624037,317748,2420019,2416192,1485545,857411,46362,26874,3827,14881935,30990157
2024:Q3,NoHS,2643444,1636182,1319296,316885,1007262,203155,19945,0,0,0,194,194,0,195317,17323,22921,58125,214358,199621,76303,439231,438887,250124,172961,13771,2031,344,2204213,11577298
2024:Q4,College,133750339,36622627,31832387,4790240,97127712,10064569,3827068,4699198,4699198,0,741391,689712,51679,41171782,1697697,1726239,9113759,11360688,11774017,951303,12869279,12838617,9124698,2834334,102537,777048,30662,120881060,55311050
2024:Q4,SomeCollege,27024420,9677978,8042422,1635557,17346442,2116748,423657,501177,501177,0,56542,52556,3986,4383883,245012,610941,1941943,4257404,2450772,358361,3756065,3751349,2545210,1111670,51685,42783,4717,23268354,35508768
2024:Q4,HS,17242531,7128326,5760744,1367582,10114204,1399253,217708,345691,345691,0,100678,87597,13081,2587890,201965,322968,889038,2102260,1625076,321678,2347075,2343265,1477714,834090,4954,26507,3810,14895456,30923930
2024:Q4,NoHS,2623318,1613243,1295432,317811,1010075,202864,21602,0,0,0,136,136,0,195551,17239,21811,57692,216675,199350,77154,429413,429071,247908,167965,10477,2721,342,2193905,11535374
2025:Q1,College,133680022,37106334,32239805,4866529,96573689,10251149,3906080,4789911,4789911,0,776621,725934,50687,40422341,1682176,1718701,8915562,11402087,11748038,961023,12891995,12858826,9173485,2852228,53164,779950,33169,120788027,55830718
2025:Q1,SomeCollege,27014825,9780318,8115723,1664595,17234507,2147119,432016,510721,510721,0,58029,54136,3893,4288226,242749,602870,1888375,4265264,2437710,361428,3749552,3744694,2552368,1114731,34979,42617,4858,23265273,35785366
2025:Q1,HS,17226027,7219596,5836707,1382888,10006431,1414345,220075,349887,349887,0,100096,87221,12875,2515533,199293,315973,860897,2092619,1614239,323473,2336474,2332421,1475866,829968,0,26586,4053,14889553,31065507
2025:Q1,NoHS,2626608,1628151,1301040,327111,998457,203362,21927,0,0,0,144,144,0,189814,17039,21077,56887,213674,197296,77237,422245,421877,246382,166380,6454,2662,368,2204363,11535909
2025:Q2,College,138707065,37995276,33022439,4972838,100711788,10244297,3954158,4883098,4883098,0,765067,715269,49798,43632158,1697162,1768300,9551865,11476029,11770336,969318,12999655,12966868,9257503,2867518,26704,815143,32787,125707410,56199910
2025:Q2,SomeCollege,27808670,9988391,8290690,1697702,17820278,2147848,437142,521039,521039,0,57641,53827,3813,4651246,244680,627762,2040228,4289689,2438752,364252,3767983,3763127,2573984,1121701,20151,47290,4857,24040687,35995234
2025:Q2,HS,17739594,7392182,5982767,1409416,10347412,1413915,221952,355223,355223,0,100707,87986,12721,2748662,200726,331824,931252,2102412,1614925,325815,2352834,2348822,1484161,838081,0,26579,4012,15386760,31220512
2025:Q2,NoHS,2707762,1681801,1344819,336982,1025962,205019,22327,0,0,0,141,141,0,206906,17247,22565,59019,215871,198612,78254,425328,424963,249094,168995,3595,3279,365,2282434,11661115
2025:Q3,College,143169890,37928302,32862510,5065792,105241588,10313342,4119594,4973159,4973159,0,764792,716534,48258,46929076,1710378,1814788,10050274,11570166,12017237,978782,13190886,13160463,9363986,2907160,21046,868270,30423,129979004,56653924
2025:Q3,SomeCollege,28224519,9901796,8193559,1708238,18322722,2142721,452338,526896,526896,0,57165,53514,3651,4985083,244371,645940,2141916,4287610,2474115,364566,3782529,3777816,2582327,1124991,16233,54265,4714,24441989,35969875
2025:Q3,HS,17995948,7320561,5895752,1424810,10675387,1413703,226631,358426,358426,0,100207,87829,12378,2975181,200962,345016,981345,2109509,1637410,326996,2357792,2354042,1487753,839972,0,26317,3749,15638156,31269928
2025:Q3,NoHS,2692581,1651613,1316464,335149,1040968,203421,23188,0,0,0,140,140,0,220682,17125,23564,59629,215560,199677,77982,423343,423011,247754,168201,2859,4197,332,2269238,11596365
2025:Q4,College,144786889,37797424,32646968,5150456,106989465,10365048,4375239,5034691,5034691,0,742761,695628,47133,48094690,1707526,1798604,10203279,11655344,12014372,997911,13341341,13309402,9438329,2940118,18628,912327,31939,131445549,56676495
2025:Q4,SomeCollege,28527685,9909091,8175749,1733343,18618593,2156505,483243,535708,535708,0,56368,52800,3567,5132437,244659,638908,2185328,4332567,2480407,372464,3834515,3829715,2612798,1141558,14589,60770,4800,24693169,36082856
2025:Q4,HS,17960074,7221784,5787348,1434436,10738291,1407007,233375,358919,358919,0,99539,87466,12073,3037771,198988,336393,990786,2120547,1623556,331412,2360410,2356539,1483611,846990,0,25938,3871,15599665,31025346
2025:Q4,NoHS,2692214,1638901,1303358,335543,1053312,203344,24996,0,0,0,135,135,0,226152,17072,23012,59857,219934,199242,79568,427135,426786,248471,170743,2549,5022,349,2265079,11578827
2026:Q1,College,144690457,38524473,33221090,5303383,106165984,10625814,4453177,4979590,4979590,0,805942,760252,45690,46975508,1708140,1780344,9960399,11681395,12194775,1000900,13394389,13358372,9476111,2937235,19246,925780,36017,131296069,56727029
2026:Q1,SomeCollege,28698221,10113343,8323907,1789436,18584878,2204347,493969,531008,531008,0,59007,55547,3460,5021567,245527,631355,2133680,4357415,2532218,374785,3854804,3849795,2631526,1140195,15071,63002,5009,24843417,36235313
2026:Q1,HS,17935835,7336163,5872700,1463464,10599671,1421461,234064,352996,352996,0,97019,85305,11714,2933044,197543,327622,956193,2115028,1634691,330011,2330843,2326595,1470567,830369,0,25659,4248,15604992,30818241
2026:Q1,NoHS,2681300,1649164,1305644,343520,1032135,200884,25051,0,0,0,147,147,0,216029,16719,22009,58005,217341,197739,78210,416157,415768,242779,165232,2573,5183,390,2265142,11352550
